LOG_CLint_HLM,LOG_CLint_RLM,LOG_CLint_MLM
0.9332898363872896,0.4166405073382809,0.3170076359947513
0.5453071164658241,1.255272505103306,2.0077051143647804
-0.7818585318423221,0.734799829588847,1.461543544610252
2.07059193151204,3.092018470752797,3.5921767573958667
1.9924651478080435,2.204662511748219,2.4252406791001984
1.3422252293607904,1.5265977091034522,2.513790065019759
1.7309436934277358,1.577491799837225,2.2459442801693057
1.3469394626989906,1.7737864449811935,1.706675118700799
1.1760912590556811,1.6434526764861874,1.9030899869919435
-1.2786016244784948,-1.0287241512618948,-0.2370065182110804
1.390405156480081,1.8987251815894932,2.333094455888206
-0.3297541469258759,0.0261245167454502,0.2739730037695493
1.0,1.7781512503836436,2.011993114659257
0.498999363580153,1.114277296561586,1.1304945885234696
1.1473671077937864,1.334453751150931,1.671913012441587
1.0767860335080792,0.7466341989375788,1.80757561444166
1.146128035678238,1.3424226808222062,1.6989700043360187
-0.4546928835341759,0.255272505103306,1.0698530211136246
1.0746336182969043,1.609060549930087,1.494850021680094
1.5733358400660675,1.5563025007672873,2.084093460228235
1.0224283711854865,1.0334237554869496,1.5927317663939622
1.4608828150058273,1.5519376953648372,1.4677930297856625
0.5622928644564748,1.2201080880400552,1.380211241711606
1.670245853074124,2.0261245167454502,3.3621090924701007
0.8152455919165631,1.4162243170985684,1.6515202982342203
1.701654317325748,2.752202153176521,2.864573372930461
2.390405156480081,2.678518379040114,2.412275701935831
1.431797841638306,1.6188844849954505,1.9563437462861064
1.4661258704181992,2.179551791165188,2.2361844428801496
1.0463000196529693,1.4705574852172745,1.6798819421128623
2.134138842060031,3.3337293231565988,3.1915222731570774
0.1095785469043867,0.1583624920952496,0.437829806408219
2.1250907130826344,1.8785217955012063,2.506545618777679
1.8085485512404051,2.04766419460156,3.2097321075148613
1.2787536009528289,1.462397997898956,1.7634279935629371
3.68547301972276,3.348499570283838,3.61320735210376
0.9712758487381052,2.300595483889964,2.291701770729981
1.146128035678238,1.6334684555795864,1.8325089127062364
1.8846254632562345,2.788875115775417,2.7256421555144184
1.230448921378274,1.977723605288848,2.3096301674258988
0.7520484478194386,1.276461804173244,1.6324572921847242
-0.1609621266116942,0.1637575239819558,0.7858563647484238
1.52283531366053,2.7533302213245205,2.5228744023138034
-1.2613779720820577,-1.2643212740940954,-1.1301231867332335
2.790052821214746,3.0347607699664425,3.4522971600596453
0.9630082303291392,1.2802368096096894,1.0125208756695236
1.860577551244416,2.577491799837225,2.2361844428801496
1.499549625905149,1.7993405494535817,2.385123455892216
2.794913070772734,2.7338390006971496,3.287336965327531
1.7116385382323491,1.7737864449811935,1.5469742758332872
1.1363717234923232,1.255272505103306,1.479222491566444
3.7269984565021264,4.335792168737724,4.58357654786921
2.250420002308894,2.322219294733919,3.0
1.5010592622177514,0.8463371121298052,1.0976043288744108
3.49257741615644,3.718866907290306,4.062259245580976
2.6020599913279625,2.2218574354191367,2.740362689494244
1.9314070135565733,2.1357685145678222,2.8429024142057004
2.94382579875033,3.5148663839892547,3.872170554680983
1.9766708806248117,2.1126050015345745,3.16444059820265
1.40862997658628,1.9507541815935037,1.937124040079073
1.0413926851582251,1.6532125137753435,1.505149978319906
1.545307116465824,1.954242509439325,2.0551297642929183
1.515343893088381,1.8887409606828929,2.308735110028761
0.8530895298518656,1.3579348470004535,1.816241299991783
0.9380190974762104,0.7634279935629372,1.6967057809339172
1.431797841638306,1.6188844849954505,1.9563437462861064
1.1649473726218416,1.667359546183087,1.9132308711135608
1.499549625905149,2.3380578754197563,2.653429606747574
0.8499412363986305,-0.6478174818886375,0.2459442801693059
2.1777644086505483,3.264723400902,3.18601783341442
0.290034611362518,1.2430380486862944,1.6910814921229684
1.230448921378274,1.4471580313422192,1.9084850188786495
1.0413926851582251,1.0,1.4471580313422192
-0.4771646863394699,1.171141151028382,1.2631624649622166
0.9194442104652368,1.100370545117563,1.3561597599568995
0.2442771208018428,-0.0457574905606751,0.291701770729981
1.410608542568368,1.4014005407815442,1.7688230254496435
1.9030899869919435,1.893206753059848,3.1046151273728366
-1.5228787452803376,-1.0132282657337552,-0.889410289700751
2.321038892726055,2.8103669536816254,3.568163574903225
2.3010299956639813,3.0791812460476247,3.0791812460476247
0.4483971034577676,0.2095150145426309,0.8480042714972682
1.0291807889075468,1.209515014542631,2.179925032074337
1.5733358400660675,1.7323937598229686,2.160933490460957
0.0681858617461616,1.334453751150931,1.7688230254496435
3.937852260287463,2.912046602271791,3.221849618204452
1.4299136977637543,2.7867514221455614,2.68263687783336
2.3423437110098417,2.5081255360831998,3.12548614538646
1.1821292140529984,0.1583624920952496,1.4439901151130374
1.816373888752362,1.9084850188786495,2.3780616014047293
3.1142772965615864,3.0090257420869104,3.0982975364946976
2.2317875063943746,2.1531555571961136,4.45841318784775
1.1986570869544226,1.9608273899659168,1.9331074937869817
1.3451069938119355,2.7764105888073423,1.7026476294177555
1.2295538639811363,1.603577368151467,1.838244434208112
0.7708520116421442,1.4313637641589874,1.7708520116421442
0.9658129530366032,1.1126050015345743,1.110589710299249
1.2355031964943377,1.7724684030532805,2.4941900877900745
0.1139433523068367,1.437750562820388,0.6812412373755872
1.2442771208018428,1.1947917577219245,2.160933490460957
0.9633155113861112,1.243781916093795,1.9395691686559016
0.5910646070264992,0.785329835010767,1.146128035678238
1.4483971034577676,1.6532125137753435,2.634124451552187
0.7781512503836436,0.8450980400142568,1.380211241711606
3.9255183581774302,4.259593878885949,4.437829806408219
1.0,1.462397997898956,1.7993405494535817
1.7781338782569227,1.713456940673569,2.582759665164257
-0.2597162803181209,0.2329961103921538,1.238154035743054
0.7781512503836436,2.204119982655925,1.380211241711606
-1.530177984021837,-0.8276890314780458,-0.9423338960901708
3.1661369327403115,3.616622529455572,3.944334838813091
1.146128035678238,1.1760912590556811,1.6020599913279625
0.5910646070264992,0.7558748556724915,0.9138138523837168
1.7402837196818792,1.9795483747040952,2.282927846422476
2.903089986991944,2.5228744023138034,3.5228783109856385
0.8085485512404055,1.6866362692622934,2.7388598020722004
1.545307116465824,2.7918309476748364,3.0566247553798696
0.8535156967569286,0.401400540781544,0.9149510611278816
1.1212643052295814,1.4511721575125398,2.260184719283916
2.3883321478572155,2.8691143269793757,3.149034267161249
0.670245853074124,1.8350561017201164,1.7388598020722
1.7116385382323491,1.760422483423212,2.308735110028761
0.8965262174895554,1.863322860120456,1.655618583541222
2.3943168184569563,2.563836918664545,2.950476091574338
0.8633228601204559,1.2787536009528289,1.5314789170422551
2.263233538439489,4.1663315204698055,3.1194769403851077
-0.2158107946190391,0.5519376953648372,0.7600491011421383
1.4914317356829694,1.189770956346874,1.5469742758332872
0.1095785469043867,0.5774917998372253,1.522150692108255
1.784189205380961,2.106530853822381,2.3989117403778493
1.1250907130826342,1.2638726768652235,1.0698530211136246
1.4694685478507536,1.6901960800285136,2.992111487786949
1.9729014070248423,2.4109121388630825,2.928791044260312
2.2613104601006238,1.7466341989375789,2.891584842803669
0.0681858617461616,1.9365137424788932,1.634124451552187
3.954676586918644,0.7923916894982539,0.7403626894942439
1.691435152144062,2.163757523981956,4.162105676009008
1.0657663876227488,1.3664229572259727,1.881669907672061
1.1139433523068367,1.3424226808222062,1.57978359661681
1.0791812460476249,1.2787536009528289,1.591064607026499
0.691435152144062,0.48572142648158,1.3251255262169308
1.481442628502305,1.977723605288848,2.7075701760979363
1.431797841638306,1.6188844849954505,1.9563437462861064
0.6020599913279624,1.3010299956639813,1.806179973983887
1.5595475555804343,2.467460109507264,2.8231806877722363
2.7126497016272118,2.170261715394957,2.7902851640332416
1.5866998016240492,2.04766419460156,2.2361844428801496
1.1139433523068367,1.6020599913279625,1.869231719730976
1.4661258704181992,1.6532125137753435,1.990671775066
1.0,1.3222192947339193,1.4771212547196624
2.834630487821257,3.1856356328424464,2.912046602271791
1.6053050461411094,1.7101173651118162,1.7649229846498886
0.9542425094393248,1.2041199826559248,1.462397997898956
1.5154764413823758,1.624488362513449,2.3618788687027887
2.2750117377780112,2.230244499401375,2.6180376316587326
-0.1914514487595944,-0.0819696632151198,0.4188065690947886
0.9888308631529492,1.1016096172331111,1.302001727369793
-0.175939282581347,-0.0819696632151198,0.2739730037695493
1.3234583668494675,2.04766419460156,1.291701770729981
1.7489628612561614,1.4742162640762553,2.739414102698696
1.7781512503836436,1.7132384615456615,1.962227231350085
1.0389577711393665,1.6827315646221837,2.040266007446085
-0.2328441339178195,1.5976951859255124,1.823180687772236
1.1139433523068367,1.4913616938342726,1.6020599913279625
1.230448921378274,1.4913616938342726,1.8388490907372552
1.05045709478573,1.2375437381428744,1.6180376316587324
0.1821292140529984,0.3308194664958368,1.1292902089654924
1.0413926851582251,1.2787536009528289,1.7160033436347992
1.545307116465824,1.8463371121298051,1.9149510611278813
0.9867717342662448,1.568201724066995,1.792391689498254
1.4661258704181992,1.6532125137753435,1.990671775066
2.6532125137753435,2.8016300604667204,3.335792770068036
1.5563025007672873,1.9084850188786495,2.0791812460476247
0.5453071164658241,1.334453751150931,1.7688230254496435
1.8864907251724816,2.7442929831226763,2.791690649020118
2.046822810130636,1.6575338875579864,2.0398897977361816
1.4316853446860118,1.6101276130759954,2.536773011830362
0.9822712330395684,1.591064607026499,1.6875289612146342
0.7403626894942439,1.2624510897304295,1.3996737214810382
0.7858563647484238,2.062807533172159,2.1190710437838063
2.660865478003869,2.9943171526696366,3.0
1.499549625905149,1.954242509439325,1.4378298064082191
2.014638126759235,1.6668922110665363,2.000971731705812
-0.2328441339178195,0.1846914308175987,1.6367761601644704
1.4661258704181992,1.8887409606828929,2.57045537168281
1.2041199826559248,1.6334684555795864,1.8195439355418688
1.0413926851582251,1.6901960800285136,1.8920946026904804
1.1719895827021185,1.0406023401140732,1.3251255262169308
1.431797841638306,1.6188844849954505,1.9563437462861064
0.041392685158225,0.5314789170422551,1.255272505103306
0.9374175814771378,1.4196253608877432,1.1725153630107723
1.7972675408307164,2.0211892990699383,2.6414741105041
1.354108439147401,2.513084360465144,3.087497472404264
0.4771212547196624,0.9590413923210936,0.7708520116421442
0.8750612633917001,1.2041199826559248,1.806179973983887
0.691435152144062,0.94546858513182,0.9351544472161684
2.2355031964943377,2.3823773034681137,2.812839854434017
1.05045709478573,1.2375437381428744,1.910795101356724
2.146128035678238,2.367970581043394,2.713213245341474
1.701654317325748,1.6354837468149122,2.0240955305529496
1.2442771208018428,1.4014005407815442,1.7688230254496435
0.5910646070264992,1.568201724066995,1.6532125137753435
1.740362689494244,2.8981764834976764,2.954724790979063
0.9728967844365444,1.7201593034059568,1.8920946026904804
1.0413926851582251,1.3010299956639813,1.5563025007672873
1.0,1.8573324964312683,1.568201724066995
2.4505631652142754,2.6879211651164128,3.1810034732362915
1.379939722801916,1.88570038012833,2.1893288620204223
-0.8749092869173658,-0.0580912256344005,0.7788401462071676
-0.2328441339178195,-0.0457574905606751,0.5927317663939622
-0.2328441339178195,-0.0457574905606751,0.291701770729981
1.8709888137605752,1.9604707775342989,2.519696767159853
0.4771212547196624,1.4471580313422192,1.3617278360175928
1.13264385097308,2.093239523471961,2.05362960915051
1.2049335223541449,1.9181876613589257,1.992686039162128
1.286231854028553,1.823930455125564,2.1249278791105333
1.5643109099606027,1.3679147387937527,2.208629438315688
0.0681858617461616,2.17435059747938,2.1725153630107723
-0.1549019599857432,0.1760912590556812,1.4548448600085102
0.7745169657285496,1.7398886550845432,2.1878590003409637
0.7671558660821804,0.9542425094393248,1.291701770729981
2.035733837965024,1.670245853074124,2.130550861467236
1.3353575901491754,0.6170003411208989,1.1947917577219247
1.4661258704181992,1.6532125137753435,1.990671775066
2.379939722801916,3.0246498311794445,2.748067803859024
2.2750117377780112,2.549738731264899,3.442765024083731
-0.4475142989070526,-0.0671205421762007,0.6564403257853796
1.1789769472931697,0.8512583487190752,1.14921911265538
0.7045794496962992,1.4771212547196624,1.6812412373755872
-0.645891560852599,-0.9546770212133424,-0.2740883677049518
-0.1549019599857432,-0.1592667653881933,-0.2564902352715702
2.683083077779296,3.4261207087466152,3.4016176337537742
1.05045709478573,1.4831592097169797,1.9765471323743933
3.385413210922582,3.76835686556845,3.749280917725744
4.128883702099773,4.431363764158987,4.7388598020722
1.1139433523068367,1.5314789170422551,1.5563025007672873
1.1616075469083966,0.9084850188786496,1.405645123036818
1.0,1.3617278360175928,1.2787536009528289
2.2403149243349785,3.091277148468145,3.318178405144743
1.6809697184658972,2.2638726768652235,2.60133193815588
1.4730195783660998,1.717670503002262,1.990671775066
0.885361220031512,2.14921911265538,1.869231719730976
2.3749854253161047,3.666808037312633,1.1005876380897932
0.6989700043360189,1.5440680443502757,1.7708520116421442
1.6316669471405725,2.1479235389806064,1.878289075401736
1.968006364173258,2.2653603521018306,2.739014879553549
1.4299136977637543,2.0384611961785635,2.516493727222662
1.1760912590556811,1.3679147387937527,2.23887373701787
0.4771212547196624,1.5185139398778875,1.2787536009528289
1.3282572497312364,1.56062387454993,2.133061241184836
2.263233538439489,2.397940008672037,3.367976164873463
1.7997746269329005,1.5385737338068557,2.222141365496681
1.9415064635615604,2.017200343523835,1.5927317663939622
0.1760912590556812,1.1139433523068367,1.414973347970818
1.6614719287666189,1.7070589406275962,2.5231713611606623
1.6268944322793275,1.7790189719148706,2.453668387094056
1.6479694583629718,1.7466341989375789,2.1725153630107723
1.2041199826559248,1.6434526764861874,1.8512583487190752
1.1760912590556811,1.4471580313422192,1.7634279935629371
1.0791812460476249,1.255272505103306,1.6232492903979006
1.0,1.255272505103306,1.5440680443502757
1.2442771208018428,1.4313637641589874,1.7688230254496435
-1.0757207139381184,-1.2676062401770316,-0.8507808873446201
0.9712758487381052,1.670245853074124,2.7830634645642536
1.0791812460476249,1.568201724066995,1.3617278360175928
-0.2328441339178195,0.6532125137753437,0.8357698150802567
3.3720296366348164,3.7506780682495,4.099507303000606
1.546752357340005,2.07018568637838,2.100587638089793
0.8195439355418687,1.5185139398778875,1.806179973983887
1.5305838596451178,1.510545010206612,1.848004271497268
1.3735372311927854,2.138365863678996,3.0248990358365506
1.146128035678238,1.6434526764861874,1.8976270912904412
2.03342375548695,2.973589623427257,3.3394514413064407
-0.2416180582253246,1.0490628897941248,0.7133056975998121
0.8810992183890173,1.6532125137753435,1.517011052455844
1.9132839017604184,2.011147360775797,2.592731766393962
2.6456187382426952,2.712481337801919,2.639087871083737
1.8301137001666907,2.707058940627596,2.958219751284862
1.7309436934277358,2.7191654940892134,3.0727387093511127
1.333003684755698,1.6188844849954505,1.9563437462861064
1.2111205412580497,2.4037209086266897,1.8423595733306748
2.4848263690844425,3.125676410382333,3.570912283331376
0.9025467793139914,1.6431564656197062,1.891871830445584
1.4661258704181992,1.7737864449811935,2.840705032755769
0.8129133566428556,1.3222192947339193,1.724275869600789
1.431797841638306,1.6188844849954505,1.9563437462861064
1.1760912590556811,1.6020599913279625,1.7160033436347992
2.0126685338963304,2.5816083660320577,3.103276776600574
3.971709926217424,1.510545010206612,4.671913012441587
0.6532125137753437,1.557507201905658,1.6242820958356683
1.2041199826559248,1.6232492903979006,1.8750612633917
1.3234583668494675,2.323458366849468,2.1947917577219247
1.0791812460476249,1.3979400086720375,1.9030899869919435
0.6989700043360189,0.9030899869919436,0.0
4.323892444328786,1.8887409606828929,4.671913012441587
1.146128035678238,1.3010299956639813,1.3979400086720375
2.8939447594865166,3.4771212547196626,3.636821763514368
1.515343893088381,2.547528576459782,2.4677930297856623
1.4661258704181992,1.9577030415488317,1.990671775066
-0.3297541469258759,2.3521825181113627,2.649636617730435
0.0681858617461616,0.1583624920952496,0.8937617620579434
0.7924617313469507,-0.0680338852718274,0.291701770729981
3.608806570399616,2.091068731500012,2.2974535522623025
1.7853298350107671,2.615950051656401,2.8273692730538253
1.5866998016240492,1.6532125137753435,1.8937617620579437
2.1473671077937864,2.2764618041732443,2.5839578420864573
1.499549625905149,1.5976951859255124,2.160933490460957
1.3469394626989906,2.094121595840561,2.4848263690844425
1.724275869600789,2.4471580313422194,2.6866362692622934
1.755493728415119,1.4771212547196624,1.6483600109809315
0.8864907251724818,1.1172712956557642,1.6053050461411094
1.146128035678238,1.57978359661681,1.9590413923210936
0.9684829485539352,1.1760912590556811,1.5563025007672873
0.8254261177678232,1.919078092376074,2.049218022670181
1.4661258704181992,1.8680563618230412,2.490358857684404
2.0077051143647804,2.011147360775797,2.282927846422476
1.8129133566428557,2.6232492903979003,2.7558748556724915
3.9924651478080433,4.242044239369551,4.45006426282523
1.4814856258274134,1.6281845080734123,2.3104022693962243
1.6533080480529772,1.7058295145216351,2.1695336622228747
1.3636119798921444,1.549003262025788,1.235528446907549
2.544068044350276,2.425974160919376,2.726996013587268
1.962227231350085,2.812913356642856,2.740362689494244
1.0767860335080792,0.1003705451175628,1.333094455888206
0.9546765869186437,0.5563025007672873,0.0698530211136246
0.3692158574101428,0.0334237554869497,0.8937617620579434
1.2986347831244356,0.8573324964312685,1.7688230254496435
1.7213983755215052,2.219060332448861,2.1837963734204613
0.2695829860666131,0.7751004988790248,1.7510942584892115
1.1473671077937864,2.369215857410143,2.80491937079792
1.3979400086720375,1.8325089127062364,1.740362689494244
1.146128035678238,1.4313637641589874,1.7075701760979365
1.0413926851582251,1.591064607026499,1.8808135922807916
1.2671717284030135,1.5440680443502757,1.7558748556724917
0.9030899869919436,1.0413926851582251,1.5314789170422551
-0.3297541469258759,1.8350561017201164,1.392072315847544
0.680969718465897,2.005008820672367,1.4188065690947886
0.5733358400660676,1.4753805931433612,1.3003019424918985
1.5733358400660675,0.534026106056135,1.3635837780361064
1.873006540467324,1.7535830588929069,2.1112457062718497
1.2986347831244356,1.255272505103306,1.5927317663939622
0.8864907251724818,1.3010299956639813,1.845098040014257
0.1139433523068367,1.462397997898956,1.0413926851582251
2.4913616938342726,2.59659709562646,3.0
-0.6962856913462895,-0.0483711061633618,0.7788401462071676
1.8016094880273188,2.449740593779286,2.4598898319706746
0.1072099696478683,0.4927603890268375,0.5921767573958668
1.7420177471401384,2.502795704130006,2.106088858382442
1.6022119678022968,2.2469415124832546,2.0490977995230053
2.047936516138079,2.544068044350276,2.8750612633917
2.241372130158436,2.163757523981956,2.282927846422476
1.8260748027008264,2.5877109650189114,2.9595183769729982
1.8808135922807916,1.9637878273455556,3.130655349022031
2.1563371008708097,2.3010299956639813,2.8750612633917
2.2218574354191367,2.669009883050939,2.9622130183603903
1.379939722801916,2.171726453653231,2.1644405982026496
1.9712758487381048,2.861653870213911,2.713305697599812
1.8085485512404051,2.03342375548695,2.2459442801693057
1.8085485512404051,2.03342375548695,2.2459442801693057
1.0224283711854865,1.2966651902615312,1.9149510611278813
1.2187979981117376,1.40226138245468,1.884795363948981
1.3692158574101427,1.8350561017201164,2.3635837780361064
2.1920375027132475,2.4983105537896004,3.5386924699715308
0.5394775728051002,0.8115750058705934,1.796851749049887
1.0224283711854865,2.296665190261531,2.546974275833287
-0.2328441339178195,0.3344537511509309,0.7388598020722001
0.6720978579357175,1.354108439147401,1.2988530764097066
2.1052137415019367,2.2903017873056744,2.4069793621258824
1.8750612633917,2.3010299956639813,2.9542425094393248
1.954242509439325,3.028030080768379,2.845098040014257
0.9530344572503568,1.8260748027008264,1.8481891169913989
2.479317132685726,4.537100971663824,3.025155843875317
2.9772067159573177,3.612253906096437,4.064316820579152
1.0413926851582251,1.568201724066995,1.6720978579357175
2.4771212547196626,3.2512317155354205,3.234686817610966
2.362505093666411,1.250907699700856,2.291701770729981
2.042236764539039,2.09725730969342,2.6790915970687106
1.0,1.3747483460101038,1.6720978579357175
1.3010299956639813,1.4313637641589874,1.505149978319906
0.7781512503836436,1.6434526764861874,1.4471580313422192
1.6989700043360187,2.2749195064037537,2.0142264293892294
0.2143138974243995,1.5563025007672873,1.124210683436217
1.2041199826559248,1.568201724066995,1.9030899869919435
0.4913616938342727,1.4146391467370092,1.3729120029701063
1.1095785469043866,1.689752696139157,1.8197084098789615
2.170962476629603,2.099127927726467,2.4488562106362624
1.255272505103306,1.6232492903979006,1.7853298350107671
4.096282438558308,4.459392487759231,4.620841912576434
0.9542425094393248,1.5440680443502757,1.414973347970818
0.8692317197309762,1.414973347970818,1.8260748027008264
0.9294189257142929,1.3010299956639813,1.6532125137753435
1.545307116465824,1.8887409606828929,2.084093460228235
1.8846254632562345,1.8346114207226871,2.0791812460476247
1.6196358597190368,1.7085908451503438,1.649636617730435
1.2219355998280053,1.6989700043360187,2.834630487821257
1.45020290432103,1.7956019798941798,1.878289075401736
3.475236676550412,3.752063820803349,4.060487817637995
1.4661258704181992,1.6532125137753435,2.532251019012581
1.9712758487381048,1.6532125137753435,1.972943008105568
1.7213983755215052,1.5976951859255124,2.291701770729981
1.5958157626175005,1.8659326681931856,2.7830634645642536
0.7145895879692312,1.1967839377377092,1.9747488089688303
0.8463371121298052,1.9712758487381048,1.7688230254496435
1.0681858617461617,1.577491799837225,2.282927846422476
1.1473671077937864,1.7466341989375789,1.5927317663939622
3.913283901760418,4.1003705451175625,4.437829806408219
0.7201593034059569,1.1760912590556811,0.9454685851318196
-0.3297541469258759,-0.0545314148681802,0.4500642628252306
3.0479248487166863,3.146128035678238,3.544068044350276
0.5866998016240491,1.2966651902615312,2.2055156231136976
2.590507462008583,3.6905203503270783,3.2359120725470434
1.2227164711475833,1.383815365980431,1.8864907251724816
1.758381941774675,1.8887409606828929,2.522150692108255
1.4483971034577676,2.0261245167454502,2.370883016777606
2.3735372311927856,2.315970345456918,2.7450201107770185
0.4771212547196624,1.7781512503836436,1.380211241711606
4.439253724017898,4.725094521081469,5.091042320183563
0.9691828592322614,1.5987905067631152,1.8071966607109475
1.7116385382323491,2.1245042248342823,2.308735110028761
3.301689622087296,3.724505247609918,3.8967912326115615
1.0685118579306363,2.198767021009409,2.276907646232285
2.117403884416343,2.666892211066536,2.7688230254496435
0.5910646070264992,1.5185139398778875,1.7708520116421442
0.9030899869919436,1.3617278360175928,1.9566485792052035
2.2750117377780112,2.230244499401375,2.6180376316587326
1.3692158574101427,2.369215857410143,3.12548614538646
2.69246795758183,3.423180315104786,3.710665601433604
1.0413926851582251,1.3222192947339193,1.740362689494244
1.3469394626989906,2.547528576459782,2.6571897556208808
1.784189205380961,1.7024305364455252,1.4378298064082191
-1.3151546383555874,-0.8341623753098718,-1.413412695328245
3.311223910432456,3.621321714903541,3.8967912326115615
1.860577551244416,2.3121773564397787,3.1882279882195363
1.05045709478573,1.2375437381428744,1.5750029994335306
1.1095785469043866,1.534026106056135,1.823180687772236
0.5910646070264992,1.2787536009528289,1.591064607026499
1.4831592097169797,1.9365137424788932,2.1112457062718497
0.691435152144062,1.1245042248342825,1.3251255262169308
1.8750612633917,2.3010299956639813,2.9542425094393248
2.105612359686785,2.4255342204982635,2.4188065690947886
0.9030899869919436,1.0791812460476249,1.57978359661681
0.9030899869919436,1.255272505103306,1.3010299956639813
1.4483971034577676,1.91803033678488,2.1242106834362176
1.0272272540672551,1.3839947894417328,2.478375638229726
0.8702751196278944,2.5200903281128424,3.0581146178423806
1.839037873388306,1.7867514221455612,2.456054626514418
1.2143138974243997,1.1360860973840974,2.0077051143647804
1.6989700043360187,1.9208013818256544,2.066959197867122
1.9208013818256544,2.8239109124112995,3.3010299956639813
0.3469394626989905,0.1003705451175628,0.3708830167776059
-0.6126101736612706,-0.8664610916297825,-0.0899094544059318
1.4661258704181992,1.7867514221455612,2.385123455892216
0.775756037844098,1.670245853074124,1.796851749049887
1.1760912590556811,1.380211241711606,1.6232492903979006
2.15454569242091,2.074816440645175,2.3989117403778493
0.9030899869919436,1.5185139398778875,1.919078092376074
1.3234583668494675,1.5563025007672873,1.796851749049887
1.9586241334051049,3.1036872095385024,3.207731419879765
2.4747260421801167,2.678518379040114,2.9331758812340807
0.8692317197309762,1.568201724066995,1.813580988568192
4.182990100710176,4.465363912623141,2.2617385473525378
0.9894498176666918,1.715334683792313,1.4500950758716022
3.1740094256816618,2.2952245869550114,2.540565956956704
1.6334684555795864,1.462397997898956,2.534026106056135
0.5453071164658241,1.2846562827885155,1.4500642628252307
1.7825156214913946,2.6213217149035417,3.6829898193252784
1.6483600109809315,1.255272505103306,1.61066016308988
0.8388490907372553,1.662757831681574,1.9084850188786495
1.706675118700799,2.087781417809542,1.7900123245195816
-1.0,-1.00436480540245,-0.7619538968712046
1.5733358400660675,1.91803033678488,1.954459602411555
2.0026843129897296,2.545307116465824,2.597053140176605
1.255272505103306,1.6532125137753435,1.919078092376074
0.9138138523837168,1.3269499941659988,1.236033147117636
1.1095785469043866,2.1360860973840974,3.1112457062718497
1.1095785469043866,1.6354837468149122,2.084093460228235
1.0413926851582251,1.3617278360175928,1.568201724066995
1.0413926851582251,1.662757831681574,1.8260748027008264
1.0681858617461617,1.9273703630390235,1.9149510611278813
1.410608542568368,1.334453751150931,1.9351544472161684
2.066959197867122,2.6368187568475414,2.684243752370626
1.0413137153458605,1.2190603324488611,1.5750029994335306
1.2380461031287957,1.613841821876069,1.863620220270316
1.8316138553090988,1.4593924877592308,1.706675118700799
1.2041199826559248,1.3424226808222062,1.7075701760979365
0.670245853074124,1.255272505103306,1.291701770729981
0.99563519459755,1.2201080880400552,1.0934216851622351
2.726996013587268,3.208621379334218,3.204119982655925
1.390405156480081,1.6170003411208989,2.405645123036818
1.0413926851582251,1.0,1.5563025007672873
3.0681858617461617,3.255272505103306,3.592731766393962
0.9712758487381052,1.4014005407815442,1.7688230254496435
1.2723058444020865,1.510545010206612,1.9149510611278813
2.322219294733919,2.305351369446624,3.0
1.6122539060964374,2.017200343523835,2.3773490590268374
1.2143138974243997,2.018700498666244,1.671913012441587
2.255706582582625,2.355643050220869,3.291701770729981
-0.4546928835341759,1.760422483423212,2.149034267161249
1.1821292140529984,2.1942922815519728,2.2739730037695494
2.218635271207042,2.350092885458106,2.743181175854843
0.8450980400142568,1.380211241711606,1.724275869600789
1.4653828514484182,1.2013971243204515,1.3617278360175928
1.8757208898150148,2.3380578754197563,2.7419508790493423
0.2304489213782739,2.207095540419218,2.141763230275788
1.2479732663618066,1.4593924877592308,3.177247836255624
0.5453071164658241,2.1360860973840974,2.149034267161249
0.5797835966168101,1.3010299956639813,1.3222192947339193
0.8316138553090989,0.1417632302757879,0.9107951013567238
3.3839463524118965,3.804643657436484,4.061522028493573
1.0681858617461617,1.255272505103306,1.7388598020722
-0.5204726755144591,-0.6743475294276867,-0.4412914294668342
1.499549625905149,1.7323937598229686,1.954459602411555
2.179551791165188,2.1997551772534747,2.5689054149828787
1.9788102666353629,2.0398897977361816,1.990671775066
1.740362689494244,2.9175055095525466,2.847572659142112
1.5996647787884168,2.100370545117563,2.710003062049726
-1.589391457431632,-0.390619055749293,-0.6364162219638936
1.1702617153949575,1.739572344450092,1.8887409606828929
0.7671558660821804,0.9542425094393248,1.291701770729981
1.431797841638306,1.6188844849954505,1.9563437462861064
1.7671558660821804,1.6354837468149122,2.729452333550369
1.1787755720454105,1.2375437381428744,1.5970531401766048
0.9790929006383264,1.6522463410033232,1.9532763366673045
-0.3297541469258759,-0.0819696632151198,0.2739730037695493
2.2750117377780112,2.459392487759231,2.838244434208112
1.1760912590556811,1.591064607026499,1.7781512503836436
1.3282572497312364,1.7698202577635922,2.15857958506748
1.1760912590556811,1.591064607026499,1.8512583487190752
1.3234583668494675,1.9365137424788932,2.4735453586747536
1.3469394626989906,1.255272505103306,1.7688230254496435
-0.2075382686530493,0.3590762260592629,0.5750029994335306
1.2041199826559248,1.7481880270062005,1.4913616938342726
-1.1023729087095586,-1.1804560644581312,-0.4621809049267259
1.0413926851582251,1.6720978579357175,1.8750612633917
1.768889578891181,2.611298362296429,2.0798701418711487
-0.3297541469258759,0.3271545124094315,0.5322510190125807
1.5595475555804343,1.9365137424788932,2.2554895980755365
1.7365717784361618,1.5957166199434245,2.12548614538646
0.2624510897304294,0.4578818967339923,0.2787536009528289
2.2859329350089554,2.0721763444789665,2.7891843080973517
2.0755469613925306,2.4409090820652177,2.8615344108590377
1.9825290188656024,2.959423021943105,3.075605350002716
1.238447577141119,0.5976951859255123,1.1112457062718497
0.3234583668494676,1.0034605321095065,0.3708830167776059
2.2265483538414115,1.9876662649262744,2.828260213301512
1.0413926851582251,1.414973347970818,1.6901960800285136
-0.2328441339178195,0.534026106056135,1.634124451552187
1.0569048513364727,1.3010299956639813,1.2201080880400552
0.9712758487381052,1.8463371121298051,2.653429606747574
1.1687920203141815,1.6379897807846853,2.1792644643390253
1.0969100130080565,1.730782275666389,1.568201724066995
0.9030899869919436,1.5185139398778875,1.4913616938342726
0.4913616938342727,0.9493900066449128,1.0546130545568877
1.4661258704181992,1.91803033678488,2.3003019424918985
1.211200662000257,1.3159703454569178,2.1915222731570774
1.92551835817743,2.48572142648158,2.9637996286656985
1.92551835817743,2.48572142648158,2.9637996286656985
1.1139433523068367,1.462397997898956,1.57978359661681
1.691435152144062,1.6170003411208989,1.9149510611278813
1.7494270991217489,1.8785217955012063,2.2554895980755365
1.6809697184658972,1.6866362692622934,2.2554895980755365
1.0681858617461617,1.534026106056135,2.0398897977361816
1.0681858617461617,1.1126050015345743,1.6301582643345858
1.2442771208018428,1.8987251815894932,1.706675118700799
1.024485667699167,1.711807229041191,2.0170333392987803
1.2986347831244356,1.6354837468149122,1.9351544472161684
1.1760912590556811,1.5185139398778875,1.7853298350107671
1.894260664446988,2.1583624920952498,3.5022877956351377
0.6074550232146685,0.8413594704548549,1.1818435879447726
1.2787536009528289,1.6532125137753435,1.9138138523837167
1.824060717418653,2.0034605321095063,2.630158264334586
0.8535156967569286,0.8573324964312685,0.9906717750659998
-0.3624402286387925,0.1701443226433564,0.6826368778333601
2.383815365980431,2.9912260756924947,3.004321373782642
3.333946778463772,3.766353350642425,4.030006563804085
0.9712758487381052,2.6188844849954505,2.866889615657642
1.255272505103306,1.6334684555795864,1.9242792860618816
0.9712758487381052,0.5976951859255123,1.2055156231136976
0.9546765869186437,0.7323937598229685,0.9149510611278816
-0.1549019599857432,-0.0969100130080563,1.4471580313422192
1.8864907251724816,2.285557309007774,2.416640507338281
1.6592504687726608,1.4313637641589874,1.990671775066
0.8388490907372553,1.57978359661681,1.8512583487190752
1.6304787262026363,2.7576996250877386,2.838244434208112
3.971275848738105,0.7160033436347992,0.7558748556724915
1.3692158574101427,1.5563025007672873,1.8937617620579437
1.3692158574101427,1.5563025007672873,1.8937617620579437
2.8939447594865166,3.199571440600069,3.3010299956639813
3.30547819931362,3.598484095283053,3.9889311134896985
1.6410574639466418,2.375846436309156,2.275778804632812
0.9432471251378616,2.410608542568368,1.6982419511639362
0.670245853074124,1.760422483423212,2.1112457062718497
1.4661258704181992,1.8887409606828929,2.226200221973549
1.5733358400660675,2.0813473078041325,2.4677930297856623
1.5733358400660675,2.17435059747938,2.4735453586747536
1.9793434704861383,2.3380578754197563,2.6458102098773817
1.390405156480081,1.5976951859255124,1.9351544472161684
0.1473671077937864,-0.0457574905606751,0.3708830167776059
1.2219355998280053,1.823930455125564,2.583572809143774
1.0224283711854865,1.4313637641589874,1.990671775066
0.6989700043360189,1.4471580313422192,1.0
0.9132839017604184,2.348694190265541,2.565859619993661
-0.0180002858701216,0.0877814178095423,0.898083135840586
0.3710678622717362,0.724275869600789,1.2013971243204515
1.1139433523068367,1.57978359661681,1.6127838567197357
2.321038892726055,2.936513742478893,2.887197992555555
1.5609462507729992,1.934700401715425,2.3112334552612364
0.2442771208018428,1.2375437381428744,1.2262002219735488
1.5438198051426577,1.6246945312720813,2.2386231053847
1.9432471251378616,1.255272505103306,2.4252406791001984
2.814473248429149,2.773786444981193,3.592731766393962
-0.3297541469258759,0.1245042248342822,0.5795035006602071
1.9712758487381048,2.861653870213911,2.713305697599812
0.9912260756924948,1.5092025223311027,1.7824726241662865
1.2219355998280053,2.669009883050939,3.0
1.4661258704181992,1.9712758487381048,2.7717087136871315
1.3234583668494675,1.5976951859255124,2.0077051143647804
0.5910646070264992,1.2787536009528289,1.662757831681574
1.663682083571736,1.9151887051731564,2.445821296245828
1.545307116465824,1.954242509439325,2.2159810567918625
1.2325387175305988,1.7576996250877388,1.9889311134896983
1.2143138974243997,2.442793225939769,2.479222491566444
3.977723605288848,4.2632413558119415,4.669006811979609
1.2723058444020865,1.6866362692622934,2.511809858770036
2.845098040014257,3.1903316981702914,3.263240645147533
1.0681858617461617,1.255272505103306,1.848004271497268
0.7708520116421442,1.462397997898956,1.6794278966121188
2.410608542568368,2.3416323357780544,3.353154249817174
3.335792770068036,3.161368002234975,3.937852260287463
-0.2328441339178195,-0.0457574905606751,0.4958217533859058
1.3242824552976926,1.2027606873932,2.001300933020418
1.255272505103306,1.6532125137753435,1.9030899869919435
1.3424226808222062,1.4771212547196624,1.662757831681574
1.3692158574101427,1.6170003411208989,2.1242106834362176
1.7671558660821804,1.7466341989375789,2.2739730037695494
0.8260748027008264,0.7923916894982539,1.4456042032735976
0.7688895788911809,0.4075608494863625,1.2497876192510662
1.6097651056927424,2.0780941504064105,2.2739730037695494
1.085219201044942,1.6336704060514438,2.014335693263793
1.9378687965638597,2.0211892990699383,2.1784877310473982
-0.2218487496163564,-0.6478174818886375,0.0
0.6134929782119857,1.143451999021631,1.6999417360418303
0.9306943876645352,1.5932860670204574,2.180412632838324
0.0504570947857299,0.1947917577219246,0.8022467809365932
1.2442771208018428,1.4313637641589874,1.7688230254496435
2.15809097318556,1.9055800282352424,2.76299348178892
1.7323937598229686,1.7323937598229686,2.478566495593844
1.05045709478573,1.2375437381428744,1.5750029994335306
1.729051339750031,1.6866362692622934,2.0566247553798696
1.3484995702838376,1.4148062795010126,2.007577098304339
1.255272505103306,1.6334684555795864,1.8976270912904412
2.6085153365370357,3.3521825181113627,3.5722801410980574
1.8535156967569288,2.040602340114073,2.579503500660207
1.4661258704181992,1.760422483423212,1.990671775066
2.031973689091717,1.8785217955012063,1.9351544472161684
3.7659165457982855,3.8016321176570633,4.194976695619126
-1.4694161403548822,-0.9058784041594384,-0.5322069702143377
1.4661258704181992,1.6532125137753435,1.990671775066
-0.1683861446909011,-0.00436480540245,1.0698530211136246
0.7160033436347992,1.0791812460476249,1.8808135922807916
1.5440680443502757,2.1808996867662302,2.5563025007672877
2.425974160919376,3.130333768495006,3.274926424436296
1.05045709478573,1.2375437381428744,1.5750029994335306
1.0681858617461617,1.7323937598229686,1.8937617620579437
2.2888168811942537,2.6252301124493598,2.532251019012581
0.6989700043360189,1.6334684555795864,1.2787536009528289
-0.4546928835341759,1.3692158574101427,1.706675118700799
0.436162647040756,0.4913616938342727,1.011993114659257
2.0175758683910745,1.9715170564543325,2.308819366674897
1.1760912590556811,1.6532125137753435,1.869231719730976
1.7512791039833422,,2.260786668654976
2.2052043639481447,,3.130687493982032
1.276461804173244,,1.8075350280688531
1.173186268412274,,1.82020145948564
1.1760912590556811,,2.2227164711475837
2.3861421089308186,,1.8904210188009145
0.8692317197309762,,2.534026106056135
1.1522883443830565,,1.91803033678488
1.276461804173244,,2.526339277389844
0.99563519459755,,2.255272505103306
1.1931245983544616,,2.3981136917305026
0.9684829485539352,,3.310587114890355
0.9590413923210936,,1.7387805584843692
1.73559889969818,,2.8184238550920786
2.239049093140192,,1.9854264740830017
1.1986570869544226,,2.8298181874388777
2.090610707828407,,2.6424645202421213
1.0293837776852095,,2.7134905430939424
1.0293837776852095,,2.835690571492425
1.6646419755561257,,2.6009728956867484
1.6893088591236205,,2.8677620246502005
1.100370545117563,,2.473778834646725
1.1335389083702174,,2.15896526038341
1.24551266781415,,2.426185825244511
1.1038037209559568,,2.375663613960885
1.9576072870600956,,3.163399932786864
2.049605612594973,,2.4367985102318035
1.271841606536499,,2.7626035495668035
1.8175653695597809,,2.938469688367645
1.462397997898956,,3.13510083376572
1.6580113966571124,,3.3685843723574846
1.8656960599160703,,3.1478308499434595
1.6138418218760693,,2.345961541813141
1.2148438480476975,,2.281941933440825
1.6020599913279625,,3.278799313755556
1.0681858617461617,,3.2046896204203605
1.1931245983544616,,3.021437396467089
1.5185139398778875,,3.553761698390004
1.3324384599156054,,3.2921895926234988
1.2648178230095364,,2.2487087356009177
1.424881636631067,,2.7364761820276966
1.1205739312058498,,2.416141031168329
1.3138672203691537,,2.244277120801843
1.290034611362518,,2.567496891104222
1.3560258571931227,,2.0867156639448825
1.0492180226701815,,2.6513749439130434
2.1357685145678222,,2.9540977204791896
1.4456042032735976,,3.058881339349561
1.3010299956639813,,3.0514612443241838
1.110589710299249,,2.642563437104388
1.100370545117563,,3.0529246837077286
1.3926969532596658,,2.4375920322539613
1.1958996524092338,,3.268016020781919
2.020361282647708,,3.0662513619689618
1.3579348470004535,,2.286231854028553
1.404833716619938,,2.530583859645118
1.130333768495006,,2.1344958558346736
1.3138672203691537,,2.504198918539445
1.2988530764097066,,2.558468562523795
1.5237464668115646,,2.8222988712623667
1.146128035678238,,2.2875778090787056
1.3424226808222062,,2.4838724542226736
0.9822712330395684,,2.578639209968072
1.2329961103921538,,2.373279893277496
2.170555058521209,,3.179925032074337
1.4885507165004443,,2.8150461760646306
1.3096301674258988,,2.6915235221681546
1.645422269349092,,3.0307615909510166
1.1846914308175989,,2.220631019448092
1.187520720836463,,2.381295623003826
1.2329961103921538,,2.378397900948137
1.7339992865383869,,3.1517068570225764
1.2041199826559248,,2.1947917577219247
1.4456042032735976,,2.3900514964589874
1.2041199826559248,,2.6482624057480444
1.8898617212581883,,2.639187559935754
1.292256071356476,,2.423245873936808
1.0170333392987805,,2.422917980767662
1.625312450961674,,2.86308482532036
1.4502491083193612,,3.1464381352857744
1.5932860670204574,,2.8581761379823445
1.2253092817258628,,2.539828558377898
1.965201701025912,,3.1490958910679727
1.3654879848908996,,3.0540382106848694
1.3483048630481609,,3.0258381642297003
1.5526682161121932,,3.139217700137586
1.534026106056135,,2.921842481405858
1.6201360549737576,,3.096666739975382
1.0530784434834195,,3.419344333673843
1.645422269349092,,3.2405991643198826
0.9395192526186184,,2.8184898222042136
1.0863598306747482,,2.4202858849419178
1.0530784434834195,,2.6596310116070008
2.0806264869218056,,2.460296326757476
1.24551266781415,,3.216983559382094
1.0043213737826426,,2.7285161047597666
1.2278867046136734,,2.899492196138132
1.252853030979893,,2.889077492650064
1.2833012287035497,,1.9969492484953808
1.1846914308175989,,2.787956123283932
2.006893707947901,,3.2052043639481447
1.0334237554869496,,2.7557986569738304
1.6148972160331343,,3.220395778231596
1.0791812460476249,,2.82033284489941
1.2430380486862944,,2.5958267770732237
1.285557309007774,,2.740441644949766
1.6503075231319364,,3.038023740045158
1.3159703454569178,,2.716420733846555
1.212187604403958,,2.4776999283321306
2.436480695009495,,3.896024394707995
2.6822353569025643,,3.908120272855562
1.021189299069938,,2.773932647467645
1.173186268412274,,3.1289805239666117
1.2624510897304295,,2.7763379096201755
1.3096301674258988,,2.904607363815448
1.3673559210260189,,3.654590416951599
1.292256071356476,,3.424031808970005
1.252853030979893,,2.914818980447473
1.0863598306747482,,2.66228551572213
1.0492180226701815,,2.847819347295239
1.0934216851622351,,2.8202671571609645
1.130333768495006,,2.873553093513619
1.271841606536499,,2.9843922785242656
0.9493900066449128,,2.477555332198981
1.359835482339888,,3.611500263354792
1.1702617153949575,,2.803798407989674
1.0,,2.8544882250444306
2.1806992012960347,,3.326581618446525
2.0051805125037805,,3.334011188761349
1.9003671286564705,,2.9207492612757084
2.182984967003582,,2.8988348380682742
2.596377143997599,,2.907787443110616
1.0791812460476249,,2.7943486038960827
2.1072099696478683,,2.6920533650340808
1.187520720836463,,2.9721102284028307
1.5352941200427703,,2.856366323659248
1.9111576087399769,,2.694166295933198
1.212187604403958,,2.656002320682957
1.0086001717619175,,3.2478505669735336
0.9084850188786496,,2.355259905527378
1.1430148002540952,,2.807805532270625
1.0863598306747482,,2.5381965783494542
1.136720567156407,,2.8573324964312685
1.550228353055094,,2.477555332198981
0.380211241711606,,2.722387094177124
1.1238516409670858,,2.322839272686321
1.3010299956639813,,3.1607385681125817
2.329804522164069,,2.9512889372776723
1.9263424466256551,,2.989805650936826
1.9708116108725175,,3.152135396861876
1.0128372247051722,,2.771146348814985
1.5477747053878226,,3.112370365525832
1.285557309007774,,2.4858633295973345
1.8970770032094204,,3.113341604795105
0.9542425094393248,,3.139154658406904
1.235528446907549,,2.2375437381428744
1.5670263661590604,,3.0338658673479
1.0718820073061257,,2.6989700043360187
1.6148972160331343,,2.561101383649056
1.8621313793130367,,3.149065080207621
1.948412965778601,,3.3562171342197358
2.1072099696478683,,3.3584868881002365
1.9938769149412112,,3.1564582852404564
2.012837224705172,,3.277563376055919
1.9283958522567135,,3.611787014016585
1.3424226808222062,,3.192901826109565
1.1903316981702914,,2.8394780473741985
1.3304137733491908,,2.8237349883987317
1.649334858712142,,3.036828433377113
1.4082399653118496,,2.3136563466180315
1.670245853074124,,3.008472419302722
1.7803173121401512,,3.034788831251184
1.1760912590556811,,2.424881636631067
1.3729120029701063,,3.146252102092995
1.1613680022349748,,2.4456042032735974
2.1058506743851435,,3.486175353339631
0.7075701760979364,,1.9633155113861116
0.8388490907372553,,2.945419342603063
0.8388490907372553,,2.269979676645324
1.1760912590556811,,2.8125122842899826
1.9786369483844743,,3.0609621130938325
1.7543483357110188,,2.7561033715851053
2.4111144185509046,,2.5725230978496376
2.792951708250132,,2.4216039268698317
2.5748411950633847,,3.2065020575886853
2.059184617631371,,3.442746221828905
2.268577971882843,,3.0914207289920514
2.819083075743703,,3.330778914230818
2.141763230275788,,3.1398476146463112
0.9637878273455552,,2.310268366632448
1.252853030979893,,3.013974177020916
0.9822712330395684,,3.1049307390777403
1.1818435879447726,,2.9108377649926838
0.8129133566428556,,3.100439475279108
1.413299764081252,,3.058995093525416
1.7218106152125463,,3.127655419775207
1.4409090820652175,,2.7687860469080143
1.1986570869544226,,2.58983794314746
1.1430148002540952,,2.4055171069763763
1.7411515988517852,,3.388740444524611
1.2695129442179165,,2.8505849763520312
1.8639173769578603,,2.758003009299799
2.212453961040276,,2.8771985152717896
1.885361220031512,,2.499412125672276
2.4423229557455746,,2.8898617212581885
1.3560258571931227,,2.228400358703005
1.6364878963533651,,2.498172660636544
2.582063362911709,,3.03992941410856
2.471144965160633,,3.6631919091608927
2.2174839442139063,,3.17260293120986
1.6812412373755872,,3.017492446477275
0.9138138523837168,,1.6693168805661125
1.2966651902615312,,1.9599948383284165
0.9637878273455552,,3.0511911246856984
1.0086001717619175,,2.72607487021537
1.7520484478194385,,3.008344629252689
0.6334684555795865,,2.326335860928751
0.505149978319906,,2.5734518220354854
0.9138138523837168,,1.5843312243675307
2.343999069057161,,3.150234358957896
1.424881636631067,,1.8727388274726688
2.389343311252078,,3.653656232494785
2.0580462303952816,,3.3790697197927466
2.4437322414015967,,3.32911300268182
2.969462507974637,,2.4112829130173843
1.7024305364455252,,2.778585327862962
1.6127838567197357,,2.57611089412084
0.9493900066449128,,2.220631019448092
1.423245873936808,,2.547528576459782
1.6830470382388496,,2.87989832433001
0.9084850188786496,,2.435207103240748
0.9444826721501688,,2.5825178836040625
1.4409090820652175,,3.3150672495142164
1.0374264979406236,,2.946255707199397
0.724275869600789,,2.8961954104542107
1.0755469613925308,,3.1774787825423223
0.8692317197309762,,2.5491259267581112
0.8260748027008264,,1.7275412570285564
2.600755149639618,,3.070555015835032
1.0453229787866574,,2.307282047033346
0.7160033436347992,,2.52750101098112
1.9405164849325676,,3.3397097547798325
1.611723308007342,,3.350306178879111
1.0969100130080565,,2.659440781870318
2.5953859808091417,,3.440767441204506
1.5563025007672873,,2.514547752660286
1.841984804590114,,2.889581802149624
2.464638559095033,,3.4950306506163518
1.8609366207000937,,3.0872133412316147
1.3263358609287514,,2.796227314029439
1.2405492482825995,,2.545801757159276
0.6020599913279624,,2.2140486794119414
1.1613680022349748,,2.243781916093795
0.8388490907372553,,2.1631613749770184
1.2068258760318498,,3.168762575622357
0.785329835010767,,3.018492453401473
1.24551266781415,,3.023170121121397
1.608526033577194,,3.255561938290896
0.7923916894982539,,2.2860071220794747
2.235023159495224,,3.850247898240142
1.0791812460476249,,2.8195439355418688
0.7708520116421442,,2.344785122632661
1.998695158311656,,3.779538773870285
2.0170333392987803,,3.8466957827841233
1.5987905067631152,,3.1715509456767457
1.3502480183341627,,2.9733587998863977
1.5211380837040362,,3.0971184243446497
1.3010299956639813,,3.0764583877121514
1.6541765418779606,,3.5043757014787995
1.802773725291976,,3.5548645382859334
2.1844074854123203,,3.511923447850146
1.0492180226701815,,2.526339277389844
1.3053513694466237,,3.067033639842262
1.7024305364455252,,3.4679039465228003
1.791690649020118,,3.459618623917375
1.6190933306267428,,3.347895693493232
1.4065401804339552,,3.071661123441788
1.3483048630481609,,3.043087072166329
1.4800069429571503,,3.015611204503512
2.085290578230065,,3.567684958437205
2.050379756261458,,3.5491013965831826
1.9854264740830017,,3.437417581766818
1.863322860120456,,3.5611133146522547
0.5314789170422551,,1.9876662649262744
-0.3979400086720376,,1.824125833916549
0.2787536009528289,,1.974971994298069
0.1760912590556812,,1.5954962218255742
-0.5228787452803376,,1.57287160220048
0.5563025007672873,,1.7634279935629371
0.1760912590556812,,1.7160033436347992
1.741939077729199,,2.329397879361043
0.8512583487190752,,1.4727564493172125
0.8388490907372553,,1.8407332346118068
1.24551266781415,,1.9800033715837464
1.110589710299249,,1.9982593384236984
1.0374264979406236,,3.1268130100415528
1.4913616938342726,,2.3727279408855955
1.9030899869919435,,2.882979654037299
1.1643528557844371,,2.6942541120252783
2.202215775801132,,2.04296907339318
1.4533183400470375,,2.683767261425312
0.8750612633917001,,1.929929560084588
2.3140779917792127,,2.8773137433122384
0.8450980400142568,,1.9003671286564705
0.6901960800285137,,1.2405492482825995
0.3222192947339193,,2.4875625602563782
0.1760912590556812,,1.1818435879447726
-0.1549019599857432,,1.2988530764097066
1.0413926851582251,,2.1775364999298623
1.3579348470004535,,3.2770358881721102
2.3939260065858368,,3.184719815150272
1.6794278966121188,,3.3738311450738303
1.3617278360175928,,2.747023177451628
1.359835482339888,,3.3505968648286326
1.2227164711475833,,3.120113071407684
1.380211241711606,,3.236587640756995
0.7708520116421442,,2.7973368007753496
0.7160033436347992,,2.402433346219312
1.380211241711606,,2.4530123911214554
1.6711728427150832,,3.012710712741787
1.4199557484897578,,2.834293512442696
0.785329835010767,,2.9395192526186187
1.5352941200427703,,2.583085366347688
0.8061799739838872,,2.126131407261984
1.155336037465062,,2.9887372752888
1.530199698203082,,3.390740866952916
0.8061799739838872,,1.740362689494244
0.9684829485539352,,2.278753600952829
1.850033257689769,,3.602211967802297
1.7323937598229686,,3.1109935173779952
1.0718820073061257,,2.601408060534684
2.0453229787866576,,2.5190400386483445
0.0791812460476248,,1.639486489268586
-0.6989700043360187,,2.015778756389041
1.0934216851622351,,2.238297067875394
1.3263358609287514,,2.941660478388392
1.569373909615046,,2.959804316508338
0.414973347970818,,0.7993405494535817
0.5314789170422551,,2.0791812460476247
0.8129133566428556,,1.8444771757456813
0.7160033436347992,,1.5670263661590604
0.6720978579357175,,2.722633922533812
0.9242792860618816,,2.846708145456007
0.7708520116421442,,2.059941888061955
2.1290450598879582,,3.582733614406448
1.7678976160180906,,3.227398169873655
1.943988875073772,,3.612487164045012
1.749736315569061,,3.6157712495713072
0.6127838567197355,,1.60422605308447
0.9822712330395684,,2.281260687055013
0.6989700043360189,,3.3990677089490724
1.5211380837040362,,2.7900035203904894
1.2810333672477277,,2.158060793936605
1.320146286111054,,2.4435758797502576
1.8312296938670636,,3.315172357208987
1.7664128471123994,,3.1492499125902818
1.8055008581584,,3.00264114900004
0.7481880270062004,,2.7155855518931964
1.1205739312058498,,2.023252459633712
0.7993405494535817,,1.7641761323903309
1.5365584425715302,,2.287129620719111
1.5954962218255742,,3.295171106790104
1.4313637641589874,,3.354146870586911
1.2787536009528289,,2.752509400788843
1.3283796034387378,,2.461798557525109
0.5440680443502757,,2.146128035678238
1.1430148002540952,,2.409595019396816
-1.0,,1.3673559210260189
1.130333768495006,,3.3365197704104164
0.7923916894982539,,2.6122539060964374
0.6901960800285137,,2.3242824552976926
0.3979400086720376,,3.180928319993991
1.8175653695597809,,2.923658421793306
1.9772662124272928,,2.8577545220594422
1.7795964912578246,,2.778368343355874
2.2377949932739227,,2.8776592441116087
1.3424226808222062,,2.534787358629492
1.3961993470957363,,2.4951278812429334
1.3521825181113625,,2.891760401456672
1.714329759745233,,3.1029137027892206
0.5910646070264992,,2.019116290447073
1.765668554759014,,2.4930395883176515
1.611723308007342,,2.84060787900929
1.4456042032735976,,2.520614521878236
0.380211241711606,,2.385069776331935
1.3304137733491908,,3.055607651708712
1.0530784434834195,,2.307496037913213
0.6812412373755872,,3.0792536224300777
1.146128035678238,,2.231979026831504
1.1986570869544226,,2.768416088216332
1.1931245983544616,,2.6484575942825224
0.6434526764861874,,2.2785249647370174
0.5797835966168101,,2.2329961103921536
0.5797835966168101,,2.115277591395901
2.287129620719111,,2.801678059035893
1.813580988568192,,3.128205343962674
1.4393326938302626,,3.0581222157829138
1.2174839442139065,,3.2513705054967024
2.3068537486930087,,3.378652224908501
1.951823035315912,,3.307923703611882
1.4199557484897578,,3.0280015793468578
1.2148438480476975,,3.218194027092984
1.7810369386211318,,3.3838871442603904
2.413132050434872,,3.912838242940497
1.5211380837040362,,2.931305281421673
0.9912260756924948,,2.561697532653993
0.0,,1.5599066250361124
0.8450980400142568,,2.059184617631371
1.6821450763738317,,2.781970673912552
1.7226339225338123,,2.7428036584691657
1.320146286111054,,2.4765418090274287
1.4281347940287887,,1.7708520116421442
0.5563025007672873,,2.141763230275788
0.7634279935629372,,2.1535099893008374
2.3188977146274867,,2.243534101832062
1.577491799837225,,2.5631249603380444
1.0,,2.0051805125037805
0.9822712330395684,,2.538573733806856
0.7923916894982539,,1.877371345869774
0.7781512503836436,,1.9020028913507292
1.4313637641589874,,3.3871405694653007
1.0492180226701815,,2.207365037469072
1.515873843711679,,3.4939318217735464
1.8149131812750736,,3.3115843472043034
1.3159703454569178,,3.783417583356413
0.8920946026904804,,2.188084373714938
0.5910646070264992,,2.6586790285824486
1.688419822002711,,2.798581594728548
0.1760912590556812,,1.6875289612146342
1.615950051656401,,3.6555801911718633
2.082066934285113,,3.353781634528817
1.9929950984313416,,3.5220136381940224
1.720985744153739,,3.2232102977758625
1.714329759745233,,3.6169059190133614
1.434568904034199,,2.4840149626675627
1.8597385661971468,,3.375444125505117
1.0718820073061257,,2.271376871894075
2.009450895798694,,3.472917269345676
2.616580530085886,,4.004080510061908
1.2278867046136734,,3.574181797057869
1.4265112613645752,,3.519486722064457
1.1205739312058498,,3.138081546495746
1.745855195173729,,3.627898155557663
1.7730546933642626,,3.273464272621346
1.173186268412274,,3.1536929400085505
1.4653828514484182,,2.9950645341561417
1.808885867359812,,2.3140779917792127
0.7634279935629372,,2.243286146083446
0.9444826721501688,,2.061829307294699
1.1702617153949575,,2.833656996892872
0.7781512503836436,,2.26150077319828
0.7993405494535817,,1.4712917110589383
0.7403626894942439,,1.9561684304753637
0.7558748556724915,,1.4899584794248346
1.021189299069938,,1.8739015978644613
0.8920946026904804,,2.4032921451582543
1.290034611362518,,2.42829681398288
1.7185016888672742,,2.769303460189082
1.792391689498254,,3.640103625305095
0.7481880270062004,,1.3579348470004535
1.2741578492636798,,2.515078675075922
1.3944516808262162,,2.4429498695778618
1.2624510897304295,,1.6720978579357175
1.2013971243204515,,2.081707270097349
1.5634810853944108,,2.8120438979302267
1.5843312243675307,,3.440231936226789
1.1760912590556811,,2.2011238972073794
1.1702617153949575,,2.1925674533365456
1.390935107103379,,2.346744054604849
1.2227164711475833,,3.0100454126360985
1.2430380486862944,,2.9794117826344357
1.2810333672477277,,2.521007252408604
-0.5228787452803376,,1.1522883443830565
1.5987905067631152,,3.0423392045635507
1.4785664955938431,,2.243286146083446
0.5185139398778874,,2.838849090737255
0.9590413923210936,,3.05872962075172
1.887617300335736,,3.3116691124006112
1.3579348470004535,,2.6881527555915663
1.0253058652647702,,2.6798819421128623
1.0791812460476249,,3.339888497223747
1.1398790864012365,,3.052655473039527
0.8195439355418687,,2.465977368285823
1.4653828514484182,,3.1286254048759505
1.7275412570285564,,2.872039667973286
1.1643528557844371,,2.380211241711606
1.3053513694466237,,1.2966651902615312
1.7781512503836436,,2.9479236198317262
0.9493900066449128,,2.4763968267253302
1.08278537031645,,2.052693941924968
1.4742162640762553,,1.9995654882259823
1.8494194137968996,,3.2967529176594463
1.7168377232995244,,3.190639797844684
1.7723217067229198,,3.321474151030556
2.3201462861110542,,2.688775655272845
1.1398790864012365,,2.303412070596742
0.919078092376074,,1.9350031514536548
0.9242792860618816,,2.2773799746672547
1.1398790864012365,,2.8254261177678237
0.785329835010767,,2.104145550554008
1.1702617153949575,,1.8221680793680173
0.7558748556724915,,2.256236533205923
1.4517864355242902,,3.249736304568833
1.6901960800285136,,3.0341871207934528
1.0644579892269184,,2.042181594515766
-0.0969100130080563,,1.8555191556678
1.66838591669,,2.2571984261393445
1.1271047983648077,,2.55942779975949
1.5092025223311027,,2.2487087356009177
0.9084850188786496,,2.4763968267253302
1.4742162640762553,,3.2121876044039577
1.1702617153949575,,2.6223176608338443
1.611723308007342,,3.5133108434738616
2.298197867109815,,3.2637070646074315
1.910090545594068,,3.1487568513217923
1.5145477526602862,,3.1305267453841634
1.5378190950732742,,2.913601949729157
0.7708520116421442,,1.8228216453031043
0.7160033436347992,,1.7075701760979365
2.8961954104542107,,3.731943146668584
1.2253092817258628,,2.5179872030250783
0.9822712330395684,,2.813981075636472
0.6434526764861874,,2.215637563435062
1.9614210940664485,,2.7825442840100103
1.3443922736851108,,2.4604467838807205
0.9344984512435676,,1.9350031514536548
2.059941888061955,,2.793511005792858
1.5024271199844328,,2.6996643202023733
0.9822712330395684,,2.929214503737394
0.380211241711606,,2.544316141747428
1.6608654780038692,,2.8157769202983625
1.513217600067939,,3.0337855168422307
1.1903316981702914,,3.320540919924581
1.404833716619938,,3.4550124501002544
1.4712917110589383,,2.327971623623011
1.8808135922807916,,3.1481088577296967
1.714329759745233,,2.8284020784915933
1.424881636631067,,3.019822224167773
2.049218022670181,,3.068927611682072
3.0711452904510828,,3.706956621276928
0.9542425094393248,,2.66228551572213
1.209515014542631,,1.9982593384236984
1.9982593384236984,,2.4652340949880145
1.1931245983544616,,1.6232492903979006
1.0969100130080565,,1.7193312869837267
0.0,,0.8864907251724818
0.6627578316815741,,1.235528446907549
2.8908120989551245,,3.6685350050820937
2.8603380065709936,,3.5574470461493592
1.8733206018153987,,2.933031495102405
2.8614746688571686,,3.767897616018091
1.2227164711475833,,2.3727279408855955
1.4517864355242902,,2.6424645202421213
1.230448921378274,,2.6061663146076204
1.3424226808222062,,2.750199727829182
0.8325089127062363,,1.561101383649056
1.187520720836463,,1.9334872878487053
1.711807229041191,,2.196452541703389
1.7041505168397992,,2.816373888752362
1.271841606536499,,3.248046869358661
1.2329961103921538,,2.6546577546495245
1.534026106056135,,3.13155450976124
1.6354837468149122,,3.2595699896435595
0.5314789170422551,,2.919757780501894
1.9703468762300933,,3.8101249394753607
1.7387805584843692,,3.1109935173779952
1.7101173651118162,,3.39760981937796
2.243781916093795,,3.149465450995452
3.41328299563082,,3.858555242671831
2.018284308426531,,3.021354713081423
1.0530784434834195,,2.547282307963304
1.5352941200427703,,2.523486332343228
1.5250448070368452,,2.605628222007619
1.6848453616444126,,2.773786444981193
1.8561244442423004,,2.8988896559265864
2.2079035303860515,,3.621093155258961
1.2479732663618066,,2.4590907896005865
0.9493900066449128,,2.1436392352745437
1.0334237554869496,,2.082426300860772
0.7481880270062004,,1.6503075231319364
0.4771212547196624,,1.4082399653118496
1.5740312677277188,,2.349277527467956
0.3222192947339193,,1.462397997898956
0.9590413923210936,,2.071513805095089
2.082426300860772,,3.484840590762116
0.7160033436347992,,2.172310968521954
0.6627578316815741,,3.1406965525464146
0.6627578316815741,,2.2902572693945182
0.7634279935629372,,2.1245042248342823
0.7075701760979364,,2.5350408132511606
0.8388490907372553,,2.521138083704036
0.6989700043360189,,2.265996370495079
0.8692317197309762,,2.4019172505175748
2.2895889525425965,,3.5091083925837547
1.9609461957338317,,3.44929322530086
1.48572142648158,,2.694517453811156
2.0,,3.1669626638571677
2.002597980719909,,3.1416378746732714
1.887617300335736,,3.1080235093460886
1.795184589682424,,2.874771637184298
1.9057958803678683,,2.9409644934928
1.765668554759014,,2.831677849191467
1.0453229787866574,,1.6434526764861874
1.2174839442139065,,2.095169351431755
0.2041199826559248,,1.739572344450092
1.8221680793680173,,2.9527440240148985
0.9030899869919436,,1.8915374576725643
-0.3979400086720376,,2.845965761545484
1.1903316981702914,,3.3206447113553983
0.9344984512435676,,3.0686681432859
0.9444826721501688,,1.7058637122839193
0.9822712330395684,,2.752662943120972
1.429752280002408,,3.035349676522988
1.4116197059632305,,3.340999022531442
2.0224283711854865,,3.34713478291002
2.629001619286992,,3.824203960828624
3.2969502395366392,,4.0035854599726814
0.5440680443502757,,1.8195439355418688
1.271841606536499,,2.756560043006683
0.9294189257142929,,2.6476763132408707
1.0681858617461617,,2.208978517276253
1.5740312677277188,,3.537025310604068
0.4623979978989561,,1.6821450763738317
1.0128372247051722,,2.4537768596904423
1.136720567156407,,2.689042339028172
1.3159703454569178,,3.171960354012677
1.4638929889859074,,2.553761698390004
1.2624510897304295,,2.4742162640762557
2.1166077439882485,,3.393206554563365
1.8149131812750736,,2.273232834043045
2.1172712956557644,,3.660903405996724
0.8976270912904415,,2.822494985278751
1.809559714635268,,3.2498829018636948
0.8808135922807914,,2.7272158209084925
1.515873843711679,,2.6655809910179533
1.740362689494244,,2.7579271831133294
0.7993405494535817,,2.931457870689005
1.4871383754771863,,3.34121682814391
2.045714058940868,,3.132131560165341
-0.0457574905606751,,2.460897842756548
1.9854264740830017,,3.0458703924493604
1.6444385894678386,,3.2668429487005843
2.42422807069598,,3.8250494360742713
1.271841606536499,,2.6403820447095683
1.6211762817750353,,2.335257256434532
3.0429297333431595,,3.554222565542425
0.505149978319906,,2.3634239329171765
0.8388490907372553,,2.592398846115564
1.8750612633917,,3.436973209519268
3.1213628405633917,,4.015066214011149
1.9938769149412112,,3.453180689702094
2.0484418035504044,,3.206825876031849
0.8129133566428556,,2.0170333392987803
0.380211241711606,,2.281260687055013
1.0492180226701815,,2.039017321997412
1.5390760987927767,,3.3334472744967503
2.707910665713106,,3.227218044771188
1.1139433523068367,,2.407730728026336
1.9689496809813425,,3.7307742032032265
1.678518379040114,,3.0486748149922294
0.9084850188786496,,2.819609732751585
1.4329692908744058,,2.869818207979328
0.9138138523837168,,2.739097446117475
1.0453229787866574,,2.611298362296429
1.434568904034199,,2.600537294364469
0.8325089127062363,,2.1749315935284423
1.841359470454855,,2.335257256434532
0.5314789170422551,,1.8926510338773004
1.0334237554869496,,3.2619761913978125
0.8260748027008264,,2.056523724079101
1.2576785748691846,,2.67052415778208
0.8195439355418687,,2.466422722433792
0.9395192526186184,,3.5149194664903174
0.4623979978989561,,2.9537113804275554
0.2041199826559248,,1.824125833916549
1.8591382972945307,,2.847572659142112
2.4622482153549976,,3.080770746840722
1.952792443044092,,3.729286310324604
1.6294095991027189,,2.582971929104806
2.184123354239671,,3.4919776747641684
1.130333768495006,,3.09321149181366
0.6627578316815741,,2.404149249209695
1.3617278360175928,,2.3912880485952974
2.7734938922709707,,3.873831919363592
1.2253092817258628,,2.658964842664435
1.4456042032735976,,2.8226910107760546
1.2278867046136734,,2.559188189004776
0.8260748027008264,,1.81424759573192
1.173186268412274,,2.2915908256580013
0.380211241711606,,2.173186268412274
1.100370545117563,,2.106530853822381
2.065206128054312,,3.2127201544178425
2.094471128641645,,3.4573973957975026
1.7084209001347128,,2.3432115901797474
1.0043213737826426,,2.465680211598278
1.1583624920952498,,2.316808752053022
1.1072099696478683,,1.740362689494244
1.651278013998144,,2.66029616027073
1.1643528557844371,,2.04883008652835
2.0,,3.0924399113311414
2.0499928569201424,,2.7904962769671093
0.6334684555795865,,1.964259630196849
1.925312091499649,,2.717087724927019
1.0170333392987805,,2.7085908451503435
0.6127838567197355,,2.167317334748176
1.57978359661681,,3.001127700277035
1.212187604403958,,2.628899564420607
1.2068258760318498,,3.1598678470925665
1.530199698203082,,3.43123506524505
1.667452952889954,,3.556796832486183
1.3117538610557542,,3.3350966742615418
0.9493900066449128,,2.9461573949223725
1.6263403673750425,,3.271283865258768
1.7626785637274365,,3.34423503455164
1.3222192947339193,,2.485153349903652
1.8709888137605752,,3.0446573332348663
1.4638929889859074,,2.6224212739756703
0.8864907251724818,,1.9599948383284165
1.1958996524092338,,2.8867726430544383
1.3521825181113625,,2.82052984852352
1.0863598306747482,,2.3386556655787003
1.7824726241662865,,2.4577305482459986
2.1212314551496214,,3.228477354445056
2.0253058652647704,,3.222534393381713
0.6532125137753437,,1.8762178405916423
1.8591382972945307,,2.6610550848533787
0.7323937598229685,,1.9041743682841636
0.6720978579357175,,2.246005904076029
0.0791812460476248,,1.9169800473203824
1.235528446907549,,2.3251049829714074
0.9395192526186184,,1.5327543789924978
2.0195316845312554,,2.144262773761991
1.0128372247051722,,1.6972293427597176
1.806179973983887,,3.13350697377835
1.783903579272735,,3.0994043723455422
1.7558748556724917,,2.802089257881733
1.0453229787866574,,2.2826221128780624
1.4712917110589383,,2.5073160400764136
2.8136476953468965,,3.790116199766332
1.8981764834976764,,3.415590943087308
2.380211241711606,,3.5905297615378378
3.087994255099714,,3.442855890175056
1.8068580295188172,,2.878866336956725
1.7371926427047373,,3.365207100231823
1.5563025007672873,,1.9143431571194407
1.0170333392987805,,2.502563669107364
0.9822712330395684,,1.8802417758954804
2.292920299600006,,3.359702708274113
2.49996186559619,,3.883911153636279
2.31260043926126,,3.847085037995664
1.530199698203082,,2.26528962586083
1.0,,3.155305666159626
1.0606978403536116,,2.595165414790229
1.7058637122839193,,3.3335480271899067
2.2425414282983844,,3.865879442568767
1.100370545117563,,2.398981066658131
1.1760912590556811,,2.841234295506041
1.6483600109809315,,3.6068863150270873
1.9355072658247128,,3.127428777851599
1.0644579892269184,,3.316620251635936
1.380211241711606,,3.05157695847254
1.3010299956639813,,2.399327532158679
1.7611758131557314,,2.3988077302032647
1.100370545117563,,2.740993931584886
1.2833012287035497,,2.5174598265402324
1.155336037465062,,2.702171950857711
1.5587085705331658,,3.2818057696266028
1.3502480183341627,,3.438969313737987
2.245265839457461,,3.1204093945560687
1.9763499790032732,,3.2850845033352187
3.0308425028249166,,3.927493549674909
2.502700175310563,,3.941481617344491
2.29754166781816,,3.6110431951434334
1.403120521175818,,3.253531843527005
2.137986732723532,,3.791522230785625
2.417969642214737,,3.0879587894607328
1.899273187317604,,2.672836454171397
0.9912260756924948,,1.8704039052790271
1.6972293427597176,,2.490800952010855
1.6503075231319364,,2.2030328870147105
1.4871383754771863,,2.0870712059065357
2.139249217571607,,2.971275848738105
2.19534605834842,,3.1752798184423843
1.434568904034199,,1.7678976160180906
1.0128372247051722,,1.6483600109809315
1.2041199826559248,,1.591064607026499
1.404833716619938,,2.3308194664958366
1.2833012287035497,,2.5620548296563785
1.307496037913213,,2.9524533964230333
1.320146286111054,,2.669967369908504
1.5314789170422551,,3.273417994771454
1.7965743332104296,,2.65571454961871
1.287801729930226,,2.7137424784090824
2.0038911662369103,,3.2746657690813885
1.3324384599156054,,2.284205067701794
0.6989700043360189,,2.523616419054371
2.5676144427308447,,4.015141715036791
2.663700925389648,,3.900132163688871
1.021189299069938,,2.313234291694724
1.4899584794248346,,2.391640703492388
1.7489628612561614,,3.392907895293394
2.0542299098633974,,2.7996162044814987
0.9030899869919436,,1.91803033678488
2.550717423469283,,3.826411736341379
2.0008677215312267,,3.56083881861861
1.5145477526602862,,2.9336391125249253
1.390935107103379,,3.354242934309549
1.209515014542631,,2.4800069429571505
0.3617278360175928,,1.606381365110605
2.6625689669332604,,3.820345981254938
0.7634279935629372,,2.700444101027752
1.806179973983887,,3.2477278329097232
1.0413926851582251,,2.4768316285122607
0.8920946026904804,,1.973589623427257
1.0,,2.3230457354817013
2.091666957595685,,3.417172649517775
1.7708520116421442,,2.9419087743655994
1.404833716619938,,3.5278360451647086
1.0334237554869496,,2.6079908585471747
1.9294189257142929,,2.8578147779710066
1.3944516808262162,,2.7354392032514814
1.436162647040756,,2.885304667588968
0.7160033436347992,,2.760120785264568
1.8280150642239767,,2.519827993775719
1.6998377258672457,,3.210906813654374
2.190051417759206,,4.013974177020916
2.761777537508178,,3.988875421715144
1.089905111439398,,2.5773768919170146
1.2405492482825995,,2.6920533650340808
1.934498451243568,,3.365506704077209
2.6127838567197355,,3.7051278663044696
1.2624510897304295,,2.297760511099134
1.2227164711475833,,2.957415714722669
1.4265112613645752,,2.9805487393597705
1.3729120029701063,,1.4653828514484182
1.1072099696478683,,1.9041743682841636
1.2966651902615312,,2.09377178149873
1.250420002308894,,1.989894563718773
0.9590413923210936,,2.202215775801132
1.1205739312058498,,3.040167036482847
1.294466226161593,,1.967547976218862
0.6901960800285137,,2.295127085252191
2.8149796837607566,,2.893872678795081
1.403120521175818,,2.5129510799724906
1.3263358609287514,,2.3500540935790304
1.260071387985075,,2.591621038213319
1.810232517995084,,3.4192616439910086
0.7558748556724915,,2.967313918287084
1.9786369483844743,,2.773859552376687
0.9731278535996988,,2.021602716028242
1.0413926851582251,,2.5018804937550585
1.657055852857104,,2.8196755199942927
1.7474118078864234,,3.1598077329694307
1.915927211697116,,3.313128713845194
2.610021024664145,,3.794899142149195
2.071513805095089,,3.1892937558856915
1.4638929889859074,,2.5742628297070267
0.7558748556724915,,2.446226401778163
0.8325089127062363,,2.2873537727147464
1.3979400086720375,,2.338854746252323
1.307496037913213,,2.600755149639618
1.3096301674258988,,2.3201462861110542
0.6532125137753437,,1.4828735836087537
0.8750612633917001,,2.7126497016272118
0.7481880270062004,,3.065206128054312
0.9493900066449128,,2.615739688619155
0.7160033436347992,,2.9412131875853214
1.24551266781415,,3.1346551422776487
0.9777236052888476,,2.799478398837981
0.919078092376074,,3.0402066275747117
0.9030899869919436,,2.7541953881898382
0.9138138523837168,,2.448397103457768
1.2833012287035497,,3.429154512081447
1.737987326333431,,3.343841687471129
1.3944516808262162,,2.210853365314893
1.1583624920952498,,2.3226327116922234
0.0,,1.7634279935629371
0.2787536009528289,,2.0350292822023683
-1.0,,1.5987905067631152
1.2810333672477277,,2.009450895798694
0.6627578316815741,,1.9845273133437928
1.404833716619938,,1.7715874808812553
0.919078092376074,,2.486005186362242
-1.0,,2.125806458139527
1.797959643737196,,2.1758016328482794
-0.6989700043360187,,2.5732198271144218
1.3710678622717365,,3.234289446933935
1.110589710299249,,2.1344958558346736
1.136720567156407,,1.9836262871245345
1.711807229041191,,2.0354297381845483
1.0,,2.7693773260761385
1.0606978403536116,,2.2137832993353044
0.6720978579357175,,2.015778756389041
0.6532125137753437,,1.82865989653532
1.0413926851582251,,2.70816585785554
0.8388490907372553,,2.9824973691977124
2.9703933720796,,2.656385719058688
0.5910646070264992,,2.240798771117331
1.662757831681574,,2.557025722386383
0.2304489213782739,,1.847572659142112
2.0199466816788423,,2.6768764319731373
1.7944880466591695,,2.8159760009719856
1.8115750058705933,,3.2553690042664414
1.1583624920952498,,1.911690158753861
2.103461622094705,,3.363705972854724
1.7363965022766426,,2.0261245167454502
2.4219328132785085,,2.683947130751512
0.9242792860618816,,2.407900540142635
1.546542663478131,,2.694078462080759
1.749736315569061,,2.937718443617264
0.7481880270062004,,2.189770956346874
0.9637878273455552,,2.456214155357989
1.209515014542631,,2.5878231713189552
1.4771212547196624,,2.804888744622392
1.5289167002776547,,2.6820547770738075
2.798650645445269,,3.643630306079753
1.3222192947339193,,2.7734938922709707
1.209515014542631,,2.5812668052736707
1.1038037209559568,,2.9722491359625955
0.9777236052888476,,2.460597188897601
1.0718820073061257,,2.35314654621398
1.631443769013172,,2.71121652432109
1.513217600067939,,2.952792443044092
2.7902851640332416,,2.791760804012905
0.0,,1.847572659142112
0.3979400086720376,,1.3729120029701063
0.041392685158225,,1.1846914308175989
0.3617278360175928,,2.740836207057312
2.155336037465062,,2.5650209283452936
0.3979400086720376,,1.6304278750250238
2.1172712956557644,,3.541354550754415
1.7481880270062005,,3.3387751249335733
2.753659647285999,,3.433977733631108
2.077731179652392,,2.6768764319731373
1.294466226161593,,2.4239009185284166
1.639486489268586,,2.3306166672944384
2.1231980750319988,,2.916137983107175
2.674677467873199,,3.526791432018821
2.0860037056183818,,2.637989780784685
0.6334684555795865,,2.4539295920577286
1.6910814921229684,,2.9028184680822533
1.730782275666389,,1.6532125137753435
2.526726867314636,,1.287801729930226
1.5717088318086876,,2.956408571195833
0.5797835966168101,,1.155336037465062
1.3820170425748683,,2.248218561190075
0.7481880270062004,,2.2030328870147105
1.294466226161593,,2.3900514964589874
0.6127838567197355,,1.611723308007342
1.1335389083702174,,3.888987776287218
0.9542425094393248,,2.768860000842957
1.173186268412274,,2.53567380342575
0.3222192947339193,,2.1931245983544616
0.8976270912904415,,1.9106244048892007
0.6901960800285137,,2.485579476984679
1.021189299069938,,1.9703468762300933
0.7923916894982539,,1.9375178920173464
0.7558748556724915,,1.6242820958356683
1.24551266781415,,2.100370545117563
1.0755469613925308,,1.8382192219076257
1.5763413502057928,,2.610979379922997
1.0718820073061257,,2.584783378996508
1.3617278360175928,,2.76544501809015
0.8512583487190752,,2.432969290874406
1.6866362692622934,,2.682686478249768
1.951823035315912,,2.934649922900711
0.2041199826559248,,1.884795363948981
0.7403626894942439,,1.9493900066449128
1.235528446907549,,2.355643050220869
2.988425170006303,,3.5465550012142977
2.4899584794248346,,3.550546311465644
1.8293037728310249,,3.0645328611315783
2.749040268703457,,3.34766170912162
2.9429005411402938,,3.521517271732617
2.398634324538392,,3.3971053617490874
0.8325089127062363,,1.8959747323590648
2.9239689648754714,,3.347895693493232
2.180125875164054,,2.6240757311456826
1.5365584425715302,,2.320354032817672
1.24551266781415,,2.587935348636356
1.7007037171450194,,3.120310642636462
1.3926969532596658,,2.928856533581911
0.4771212547196624,,1.4638929889859074
0.8061799739838872,,2.1209028176145277
1.3096301674258988,,3.0656170557268725
0.5440680443502757,,2.041392685158225
0.8512583487190752,,2.03342375548695
1.136720567156407,,1.9822712330395684
1.8350561017201164,,2.642068627341504
1.8536982117761744,,3.060320028688285
1.7693773260761383,,3.056828652637812
1.0755469613925308,,2.2889196056617265
2.5461723683169426,,3.217773377401496
0.9493900066449128,,2.106870544478654
1.292256071356476,,2.5597869682005565
2.2060158767633444,,3.3681752745493765
1.0606978403536116,,2.173186268412274
2.1934029030624176,,2.9485596621089614
2.5756496147552195,,3.344981413927258
1.9395192526186185,,2.727378569451489
1.3636119798921444,,2.2920344359947364
1.2671717284030135,,2.140193678578631
2.392169149489736,,3.3675236418690195
1.110589710299249,,2.187238619831479
1.3159703454569178,,2.7520484478194387
0.8260748027008264,,1.8512583487190752
0.5797835966168101,,1.7283537820212285
0.9590413923210936,,0.8573324964312685
1.0086001717619175,,1.6857417386022635
1.904715545278681,,3.171170434901621
-0.5228787452803376,,1.146128035678238
1.230448921378274,,2.6852937813867843
1.6334684555795864,,2.2935835134961167
0.5910646070264992,,1.9916690073799488
0.7781512503836436,,0.6532125137753437
1.3747483460101038,,1.7596678446896306
1.6857417386022635,,2.496376054012401
1.3521825181113625,,2.141763230275788
1.146128035678238,,2.638489256954637
2.492061604512599,,3.2998340406458584
2.0692980121155293,,3.11374286242935
1.808885867359812,,2.925312091499649
1.1760912590556811,,2.404491617758686
1.5831987739686226,,2.109240968588203
1.403120521175818,,2.402605241919914
-1.0,,1.110589710299249
-0.0457574905606751,,1.6580113966571124
1.130333768495006,,2.100370545117563
1.7781512503836436,,3.203087306472448
2.1248301494138597,,2.924227581260117
1.5786392099680724,,3.0692980121155293
1.4487063199050798,,3.241222631195891
1.3324384599156054,,2.9926418698783976
1.2013971243204515,,2.2755416884013098
1.8350561017201164,,3.538422910925707
1.1613680022349748,,2.385606273598312
1.0969100130080565,,1.8401060944567575
1.4313637641589874,,3.096562438374136
0.9684829485539352,,2.67089495352021
0.9684829485539352,,2.409425868671444
0.6720978579357175,,1.7427251313046983
1.505149978319906,,2.6327608884794387
1.599883072073688,,2.943890048248473
2.120244795546365,,2.576686805200996
1.9434945159061023,,3.439979705223639
0.7323937598229685,,1.416640507338281
0.9542425094393248,,1.988112840268352
0.6989700043360189,,2.1489109931093564
0.6812412373755872,,2.0472748673841794
0.4313637641589873,,1.7041505168397992
0.1760912590556812,,1.271841606536499
1.3783979009481375,,2.080987046910887
0.9084850188786496,,3.111464151586654
1.6830470382388496,,2.7695250201710504
1.667452952889954,,2.654850090561394
1.4712917110589383,,2.473194909204938
2.277150613963797,,3.438874468906445
2.064083435963596,,2.714329759745233
2.011993114659257,,2.783331762887424
1.292256071356476,,2.5603849229720157
1.0969100130080565,,2.371806458507416
1.4563660331290431,,2.769303460189082
0.5185139398778874,,1.5185139398778875
0.2787536009528289,,1.802773725291976
0.9444826721501688,,2.6901074394563307
1.0755469613925308,,0.7481880270062004
1.1072099696478683,,1.801403710017355
1.429752280002408,,1.9003671286564705
2.275311354541812,,3.36556285679556
1.5550944485783191,,3.049140463158965
2.3571722577230334,,3.4542501553003446
1.3138672203691537,,2.6045500325712614
2.8988348380682742,,3.5135238961137456
1.670245853074124,,2.396896449142524
1.725094521081469,,2.4665710723863543
1.967547976218862,,2.5341530741850624
0.8808135922807914,,2.808075868091307
1.1931245983544616,,2.504742636271688
1.4329692908744058,,2.498172660636544
0.724275869600789,,0.4771212547196624
0.6334684555795865,,2.372175286115064
0.8129133566428556,,2.3010299956639813
0.6434526764861874,,2.1222158782728267
0.2787536009528289,,1.3636119798921444
2.130976691605617,,2.515741416669365
0.7403626894942439,,2.709863317440399
0.4913616938342727,,1.8591382972945307
1.8000293592441343,,3.048480647473502
1.8609366207000937,,2.285107029566812
0.7323937598229685,,2.3763944420372662
1.6730209071288962,,2.6348801407665263
0.9242792860618816,,1.965201701025912
0.8808135922807914,,3.101918833680424
1.230448921378274,,2.6856521841155243
0.6720978579357175,,1.4471580313422192
1.3617278360175928,,2.4466924663715277
1.7937903846908188,,3.058995093525416
1.9185545305502736,,2.5768018958289125
2.082426300860772,,3.333104540398589
1.867467487859052,,2.7224693858840308
1.7259116322950483,,2.8003045775561985
0.7403626894942439,,2.5052856741441323
1.2966651902615312,,2.163757523981956
0.9294189257142929,,1.9867717342662448
1.1398790864012365,,1.6608654780038692
1.7589118923979734,,2.649529565947819
1.7730546933642626,,2.9029813997975027
1.436162647040756,,1.934498451243568
0.8692317197309762,,1.988112840268352
0.6232492903979004,,2.443888546777372
1.9493900066449128,,3.3386556655787003
0.7923916894982539,,1.2148438480476975
1.2576785748691846,,2.3774883833761327
0.6334684555795865,,3.121855182166855
0.146128035678238,,2.14050804303818
0.6812412373755872,,2.815577748324267
1.6998377258672457,,2.4784221877400805
1.5976951859255124,,2.307923703611882
1.670245853074124,,2.3550682063488506
2.091315159697223,,2.9448773059636952
0.255272505103306,,2.077731179652392
0.5797835966168101,,2.147985320683805
1.3944516808262162,,2.6153186566114788
2.010299956639812,,2.806519134080705
1.250420002308894,,2.6462076122066853
0.9731278535996988,,2.38147609027503
1.503790683057181,,2.198657086954422
2.754348335711019,,3.5058280338548364
1.4281347940287887,,2.553761698390004
1.3617278360175928,,2.2121876044039577
1.3692158574101427,,2.278982116865443
1.60422605308447,,2.521530341278711
1.9095560292411755,,2.5901728315963144
2.26528962586083,,3.100198171834132
2.1075491297446862,,2.931610406362962
2.2550311633455515,,3.2152937981865137
1.4281347940287887,,2.414639146737009
1.9795483747040952,,2.482730700079943
2.238547887681328,,2.637489729512511
2.344588742578714,,2.551815822351016
1.94546858513182,,2.759592308645975
1.2013971243204515,,1.8506462351830664
1.7075701760979365,,2.7038929536325447
1.60959440922522,,2.2935835134961167
0.6627578316815741,,2.0056094453602804
1.678518379040114,,2.371621927176021
1.0086001717619175,,2.1072099696478683
1.3031960574204888,,1.7505083948513462
1.534026106056135,,3.369085920821508
1.582063362911709,,2.5725230978496376
1.9232440186302764,,2.9239689648754714
1.292256071356476,,2.198106998873401
1.582063362911709,,2.494432898726399
1.734799829588847,,2.3694014136966244
1.6009728956867482,,3.2951050728098084
0.8450980400142568,,2.3666097103924297
0.3222192947339193,,1.3263358609287514
1.1702617153949575,,2.423737249982329
0.9822712330395684,,2.668944734457734
1.285557309007774,,2.386498965550653
0.2304489213782739,,2.5171958979499744
-0.6989700043360187,,1.934498451243568
0.5563025007672873,,2.1983821300082944
1.7201593034059568,,2.2121876044039577
2.020775488193558,,3.110522372601323
0.785329835010767,,2.5444401373176926
1.0791812460476249,,2.6103407114521566
1.0374264979406236,,2.216957207361097
0.6020599913279624,,2.455606112581867
1.1398790864012365,,2.0726174765452368
2.1763806922432702,,1.854913022307856
1.1139433523068367,,3.014940349792937
1.0492180226701815,,2.6697816152085365
1.1789769472931697,,2.082066934285113
1.6020599913279625,,2.4915017662373264
2.031408464251624,,2.730701544281845
2.475816413031318,,3.35110026003142
2.5608626947274646,,1.867467487859052
1.8573324964312683,,2.6500159524718385
2.6716355966021297,,3.4689968090596017
1.9493900066449128,,2.897517129400525
1.575187844927661,,2.295786940251609
2.0629578340845103,,2.889749775264037
2.7780064614235083,,3.4143883269310757
0.5185139398778874,,1.9537596917332287
2.071882007306125,,2.7307822756663893
1.6866362692622934,,3.278822168352688
1.6812412373755872,,2.550839605065785
0.5563025007672873,,2.02201573981772
2.2664668954402414,,3.4160910519425527
1.0043213737826426,,1.823474229170301
0.7634279935629372,,1.7101173651118162
0.8692317197309762,,1.944975908412048
0.5314789170422551,,2.285107029566812
1.0681858617461617,,1.958085848521085
0.3424226808222063,,1.0644579892269184
0.785329835010767,,1.3180633349627615
1.981818607170664,,3.1245368283012773
0.9493900066449128,,2.712312908681365
1.2013971243204515,,2.403977963669355
0.9912260756924948,,2.482015576450712
0.6020599913279624,,2.665017825412473
1.209515014542631,,3.2843179154306097
1.5634810853944108,,2.669037800885156
2.535547279176668,,2.414639146737009
2.6908160579809155,,3.067851660512353
2.9800488450649567,,3.061150780928549
0.380211241711606,,3.0236639181977933
-0.0969100130080563,,2.032215703297981
1.0791812460476249,,2.568319085095112
1.7234556720351857,,2.9146075677710805
2.550105999347593,,3.4837584137882485
1.730782275666389,,2.515476441382376
1.0253058652647702,,2.116939646550756
1.4393326938302626,,2.625312450961674
2.847696020734165,,3.0378645557743744
0.7075701760979364,,2.311541958401195
1.943988875073772,,2.028977705208778
0.7634279935629372,,2.218010042984363
1.6665179805548809,,1.8155777483242672
1.6384892569546374,,3.0250189722827594
1.7551122663950711,,2.805908455074197
1.3617278360175928,,2.946845113960623
0.568201724066995,,1.72916478969277
0.785329835010767,,2.3378584290410944
0.5910646070264992,,2.276921132065774
0.1139433523068367,,2.076640443670342
0.7403626894942439,,2.2935835134961167
1.4756711883244296,,2.0989896394011773
1.5740312677277188,,3.1052376007460225
0.7923916894982539,,2.241048150671644
0.4913616938342727,,1.8709888137605752
0.3424226808222063,,1.8656960599160703
2.216429830876251,,2.602927712859189
1.6551384348113822,,1.3783979009481375
1.6720978579357175,,2.2081725266671217
0.9242792860618816,,1.8920946026904804
0.5440680443502757,,2.1245042248342823
0.7923916894982539,,2.3062105081677613
1.0569048513364727,,2.36417563277062
1.5378190950732742,,2.2657609167176105
2.178113252314632,,3.0735717283049246
1.7371926427047373,,2.7951149856303634
0.8864907251724818,,1.823474229170301
1.14921911265538,,3.1722817614550007
0.9294189257142929,,2.587149498254344
1.294466226161593,,3.221022805204841
1.715167357848458,,2.6597260952377915
1.4593924877592308,,2.137037454789513
0.9030899869919436,,2.295567099962479
1.911690158753861,,2.7685641095135733
1.4771212547196624,,2.4614985267830187
1.8948696567452523,,3.0589571787773107
0.7323937598229685,,2.616580530085886
1.54282542695918,,2.927473020995276
0.8260748027008264,,2.6033609243483804
1.5526682161121932,,3.0390967104414504
2.404491617758686,,3.5321681316937004
1.534026106056135,,2.9701608430373136
1.4927603890268375,,2.494154594018443
2.060320028688285,,3.4938482527122763
2.023252459633712,,3.3407612917626723
2.876448786878341,,3.638998131547949
2.8370831508231857,,3.4591058794872094
1.403120521175818,,2.8194781283621224
1.2430380486862944,,3.017450729510536
2.829946695941636,,3.432215432518464
0.3424226808222063,,2.317018101048112
2.1293675957229854,,3.1059187402863726
1.6989700043360187,,2.6672661193822744
0.7558748556724915,,2.071882007306125
0.0791812460476248,,2.4523998459114416
1.290034611362518,,2.9280884596649708
1.7930916001765802,,3.45178643552429
0.6720978579357175,,2.1809855807867304
0.8750612633917001,,2.450249108319361
-0.3010299956639812,,1.3324384599156054
1.0293837776852095,,1.5670263661590604
1.4440447959180762,,2.9733587998863977
1.429752280002408,,2.4861469968065726
0.9731278535996988,,1.7226339225338123
0.7075701760979364,,1.675778341674085
1.434568904034199,,3.0947854678195585
0.99563519459755,,2.6833172619218826
1.0413926851582251,,2.1947917577219247
0.8512583487190752,,2.40705081480425
0.6127838567197355,,2.1583624920952498
1.469822015978163,,2.2739267801005254
1.6803355134145632,,3.387389826338729
1.550228353055094,,2.54282542695918
1.9025467793139916,,2.196176185039973
1.6334684555795864,,2.504742636271688
2.1231980750319988,,3.228836487527934
1.845098040014257,,3.1223469662550785
1.9595183769729985,,3.454173852177724
1.790988475088816,,2.9819544444699737
1.829946695941636,,2.926959488380276
1.14921911265538,,2.5930644316587177
0.8325089127062363,,2.4353665066126613
0.8750612633917001,,1.6866362692622934
-0.5228787452803376,,2.906281155772153
0.5563025007672873,,2.457124626303409
1.3926969532596658,,3.2867258553538234
1.2227164711475833,,2.8558824300360355
2.833848049531148,,3.5233562066547925
2.7117228918272347,,3.5378820317420177
0.7708520116421442,,1.582063362911709
0.414973347970818,,1.7993405494535817
1.230448921378274,,2.506505032404872
0.99563519459755,,2.06781451116184
0.9084850188786496,,1.2174839442139065
0.8129133566428556,,2.1439511164239637
0.6901960800285137,,1.9273703630390235
0.6127838567197355,,2.931559567090805
0.7160033436347992,,2.101059354908116
1.6263403673750425,,2.69284691927723
1.4409090820652175,,3.3775612149177934
0.6532125137753437,,2.2116544005531824
1.252853030979893,,2.6851144690465394
1.0606978403536116,,3.401934463592304
0.5185139398778874,,2.113609151073028
1.1205739312058498,,2.2511513431753545
0.6989700043360189,,2.6722826247889206
1.1072099696478683,,2.66661156841903
0.9444826721501688,,2.001300933020418
1.8898617212581883,,1.6766936096248666
1.3010299956639813,,2.1179338350396413
0.568201724066995,,1.9469432706978251
2.0346284566253203,,3.021478732257527
1.434568904034199,,2.89867034296553
0.146128035678238,,2.365300748637988
1.1398790864012365,,2.475816413031318
1.230448921378274,,2.338854746252323
0.5563025007672873,,1.7824726241662865
2.5593080109070123,,3.692132785740336
0.7481880270062004,,1.7671558660821804
0.5563025007672873,,1.4727564493172125
1.4785664955938431,,2.730701544281845
1.3010299956639813,,2.5287881917748964
1.8195439355418688,,3.0921238692442508
1.6294095991027189,,3.109477300958736
1.0086001717619175,,2.6436500382173294
1.866287339084195,,3.352394787974109
1.3263358609287514,,3.5276427877567538
0.7323937598229685,,3.247776930697566
1.1931245983544616,,1.88309335857569
1.3747483460101038,,2.518382315545344
1.290034611362518,,2.624591459126848
0.505149978319906,,2.346157302232008
1.0606978403536116,,2.6916118742144164
1.510545010206612,,2.5725230978496376
1.5563025007672873,,2.4727564493172123
1.3747483460101038,,2.755951041004132
0.2041199826559248,,2.692582562274909
1.1271047983648077,,2.781324455666988
0.8388490907372553,,3.32935719413155
0.8750612633917001,,2.4265112613645754
2.1192558892779365,,3.524071415934022
1.9041743682841636,,3.176207055478685
1.100370545117563,,2.428944290035574
0.9590413923210936,,1.8948696567452523
0.9822712330395684,,1.8369567370595503
1.2787536009528289,,2.194514341882467
1.1818435879447726,,2.247236549506764
0.3222192947339193,,3.015108160645837
1.60422605308447,,3.090892625710363
1.2648178230095364,,3.084612020865251
0.2041199826559248,,2.141763230275788
1.0253058652647702,,2.210318519826232
-0.1549019599857432,,2.2174839442139063
1.5118833609788744,,2.794627444664508
1.6148972160331343,,2.672559627763276
1.1760912590556811,,2.250907699700856
-0.6989700043360187,,1.8518696007297664
1.1760912590556811,,1.678518379040114
1.0128372247051722,,2.384532615494249
0.8260748027008264,,1.499687082618404
0.8061799739838872,,1.7101173651118162
1.3096301674258988,,2.7596678446896306
1.3304137733491908,,2.113609151073028
1.513217600067939,,2.52750101098112
-0.0969100130080563,,2.017450729510536
0.8260748027008264,,2.4252080511386565
0.9242792860618816,,2.351216345339342
1.3159703454569178,,2.6415732531781755
1.1072099696478683,,2.1436392352745437
2.1749315935284423,,3.2785935682411336
1.2227164711475833,,2.52750101098112
1.6190933306267428,,2.483729899000024
1.4727564493172125,,2.734799829588847
1.2810333672477277,,2.6259294927162946
0.6720978579357175,,3.079434510633744
0.8750612633917001,,3.0518082943170914
1.385606273598312,,2.1473671077937864
1.5987905067631152,,2.570776368794748
1.577491799837225,,2.499412125672276
0.99563519459755,,2.64875021269802
1.390935107103379,,2.2137832993353044
1.1931245983544616,,2.413634997198556
0.414973347970818,,1.5634810853944108
0.8920946026904804,,2.240049772112648
0.8633228601204559,,1.9153998352122696
0.146128035678238,,1.6424645202421213
0.380211241711606,,1.8247764624755456
-0.2218487496163564,,1.677606952720493
1.3364597338485296,,2.5284024379536176
1.6127838567197357,,3.22750106497143
1.0334237554869496,,2.989494312772709
0.9777236052888476,,2.214578953570499
2.6485551556626707,,3.503450193442012
2.698448538015329,,3.4363057974508537
2.090610707828407,,2.60788374435699
1.6374897295125106,,1.615950051656401
1.0334237554869496,,1.0569048513364727
1.0755469613925308,,1.7895807121644254
1.591064607026499,,2.545801757159276
1.0492180226701815,,3.5611491056953546
1.0644579892269184,,2.7289216463728594
1.404833716619938,,3.0800850850458694
1.359835482339888,,2.755951041004132
1.9493900066449128,,2.31260043926126
1.6618126855372612,,2.62746827245971
1.021189299069938,,2.3161800988934527
1.0969100130080565,,2.394801777162711
1.8680563618230412,,3.3972793788535927
1.3384564936046048,,2.4097641042663462
2.116939646550756,,3.2915242450080657
1.6138418218760693,,2.243534101832062
0.5314789170422551,,2.9045532629767727
1.0969100130080565,,2.6485551556626707
1.2253092817258628,,2.318689269947746
1.0334237554869496,,1.9698816437465
1.1789769472931697,,2.533136288278639
1.1986570869544226,,1.688419822002711
1.8555191556678,,2.340245761567932
1.4471580313422192,,2.9333354100776514
0.0,,2.1455071714096627
1.307496037913213,,2.782902405974645
0.3617278360175928,,2.851380667965597
1.481442628502305,,3.308329596317398
1.802773725291976,,3.0048800072406343
1.0413926851582251,,2.5333907080175515
1.60959440922522,,2.615529223637133
2.843544211945636,,3.4492623553088864
2.57611089412084,,3.2797353674105016
1.021189299069938,,2.355834495884936
-0.3979400086720376,,1.9237619608287
1.0606978403536116,,2.300812794118117
1.5658478186735176,,1.9138138523837167
1.2041199826559248,,2.467608105583633
2.059563417901268,,3.0727276895852653
2.1501421618485588,,3.11743702528262
0.6532125137753437,,1.3979400086720375
-0.3010299956639812,,1.292256071356476
0.8129133566428556,,1.75815462196739
0.7403626894942439,,1.7671558660821804
1.089905111439398,,2.3047058982127653
1.8965262174895556,,2.7734938922709707
2.462996612028056,,2.758306181725307
2.255754786643044,,3.326806774068438
0.8692317197309762,,2.227629649571009
0.785329835010767,,2.300812794118117
2.041392685158225,,3.02428037604708
1.2201080880400552,,3.258517559916453
2.452246574520437,,3.3931714288368897
1.4014005407815442,,2.703978825008386
0.8260748027008264,,1.582063362911709
1.944482672150169,,2.5972562829251418
2.473924693416157,,3.2709116394104814
2.34908316877959,,3.0057808999546523
1.235528446907549,,2.4781334281005174
1.82020145948564,,2.7302976620971497
1.0606978403536116,,2.731427587050948
1.260071387985075,,2.801197834459149
0.3424226808222063,,2.829625353358049
0.7558748556724915,,1.8260748027008264
1.513217600067939,,2.302114376956201
1.4265112613645752,,2.767823498007517
2.143327129992046,,3.091315159697223
1.3053513694466237,,3.0865377837532075
2.064832219738574,,3.1293998361358955
1.6180480967120927,,2.943890048248473
2.090258052931316,,3.0345883537136245
1.952792443044092,,2.665393350279712
1.3384564936046048,,2.599773939146388
1.5327543789924978,,2.5444401373176926
0.568201724066995,,1.1139433523068367
0.9395192526186184,,2.6020599913279625
1.173186268412274,,2.7048366062114035
1.376576957056512,,3.3561023781133987
1.0334237554869496,,2.847696020734165
1.2430380486862944,,2.9566005882131767
2.308564413561238,,3.619677564667636
0.6812412373755872,,2.166133970305109
1.0253058652647702,,2.527758752520972
0.8325089127062363,,2.6035773681514667
1.0718820073061257,,2.427972713608209
1.212187604403958,,2.3727279408855955
0.4313637641589873,,2.686546899063006
1.7331972651065697,,2.698448538015329
1.1038037209559568,,2.6527296960692475
0.8750612633917001,,2.587935348636356
0.6812412373755872,,2.239799818447098
1.526339277389844,,3.072543985643648
0.8692317197309762,,2.82210266864692
1.421603926869831,,2.6330642726914992
1.359835482339888,,2.143327129992046
0.8692317197309762,,2.762978490867743
1.4593924877592308,,2.72916478969277
1.9813655090785445,,3.070665753453728
1.3502480183341627,,2.574494268285328
0.8129133566428556,,2.4176377396522297
1.24551266781415,,2.877716800864977
1.1072099696478683,,2.1319392952104246
0.3010299956639812,,1.5314789170422551
1.290034611362518,,2.6600112212893308
2.455910240382743,,3.3801207542684404
2.137354111370733,,3.329418220546588
2.7589875468676195,,3.292942423054936
2.860397905127313,,3.447483630119362
1.8325089127062364,,2.6161603128475828
1.8506462351830664,,3.014310480963307
2.209783014848515,,3.091807597001675
1.2041199826559248,,2.5471591213274176
1.5550944485783191,,3.039414119176137
1.5185139398778875,,2.759516759462188
1.3996737214810382,,2.0751818546186915
2.7849737099544005,,3.446537167073644
2.089905111439398,,2.93444794894897
2.822494985278751,,2.93444794894897
2.04688519083771,,2.86123561863404
1.8721562727482928,,3.1948472196314444
2.1550322287909704,,2.5620548296563785
-0.1549019599857432,,1.9222062774390165
0.3010299956639812,,2.447468130949756
2.061075323629792,,3.389467327055369
0.7634279935629372,,2.477265995424853
0.6627578316815741,,2.3988077302032647
0.7323937598229685,,2.2773799746672547
1.0086001717619175,,2.439332693830263
2.180412632838324,,3.390758528738717
1.5888317255942073,,2.4720246977002813
1.4393326938302626,,2.7946971268919985
1.823474229170301,,2.595936906269173
1.110589710299249,,2.375297738217339
1.413299764081252,,2.3847117429382823
1.7481880270062005,,2.5825178836040625
2.52270499273475,,3.020816887028907
2.458033192496506,,3.282327499238526
2.941312625360662,,3.5567606809456107
1.1931245983544616,,2.575534218319864
1.2833012287035497,,2.6553305580093407
1.2479732663618066,,2.299725153975637
2.1670217957902564,,2.9360107957152097
1.1583624920952498,,2.2079035303860515
1.1986570869544226,,2.8258802989361795
1.469822015978163,,2.693023067923694
0.8920946026904804,,2.6942541120252783
1.5943925503754266,,3.468790262099611
1.130333768495006,,2.9002578584377776
1.212187604403958,,3.109139643904016
1.5658478186735176,,3.0681116170273035
0.8920946026904804,,2.0633333589517497
2.358886204405869,,2.332842266994352
1.0374264979406236,,2.638089721984506
1.5843312243675307,,3.456198964659237
1.307496037913213,,2.680698029697635
1.7664128471123994,,2.534660575828444
0.9444826721501688,,2.52244423350632
0.8260748027008264,,1.8573324964312683
1.1238516409670858,,3.093561757565289
0.7558748556724915,,2.670616886400325
1.765668554759014,,3.0514226660890347
0.7993405494535817,,3.073168262265101
1.1072099696478683,,2.73870130043471
0.8633228601204559,,2.071882007306125
0.4313637641589873,,2.182129214052998
0.5910646070264992,,2.0791812460476247
1.2201080880400552,,1.8115750058705933
0.7634279935629372,,1.9503648543761232
0.4771212547196624,,1.8686444383948255
1.1789769472931697,,2.350441856535061
1.6138418218760693,,2.8141809810401868
1.4885507165004443,,2.6610550848533787
0.414973347970818,,3.18366835736002
1.3324384599156054,,2.535547279176668
1.4983105537896004,,1.8767949762007008
2.361538971269279,,3.100232651964506
1.5987905067631152,,2.7781512503836434
0.0,,1.5932860670204574
1.294466226161593,,2.938919812244772
2.1760912590556813,,3.234289446933935
1.8959747323590648,,2.770852011642144
1.1430148002540952,,2.467756051244033
0.4913616938342727,,1.7774268223893113
1.3979400086720375,,2.4923412532549745
1.5786392099680724,,2.651762447380111
1.3364597338485296,,2.569724949226159
0.568201724066995,,1.1139433523068367
1.209515014542631,,2.2902572693945182
0.7481880270062004,,1.9508514588885464
1.8959747323590648,,3.21034527775002
1.6354837468149122,,3.038818787373656
1.1238516409670858,,2.450249108319361
0.041392685158225,,2.137037454789513
1.0569048513364727,,3.452706226511029
1.416640507338281,,2.186673867499745
1.0086001717619175,,2.092018470752797
1.0453229787866574,,2.227629649571009
1.130333768495006,,2.711975854351756
0.3010299956639812,,2.256236533205923
1.276461804173244,,1.9689496809813425
1.5211380837040362,,3.0
1.4471580313422192,,2.52865964523499
0.9030899869919436,,2.8745977687032
1.57978359661681,,2.2065560440990297
1.5809249756756194,,2.289811839117621
1.9758911364017928,,3.320935195468595
-0.6989700043360187,,2.9085922388475693
0.255272505103306,,2.03261876085072
-0.5228787452803376,,2.3896975482063856
0.8388490907372553,,3.3305152321703284
1.0969100130080565,,2.709778601848225
1.3617278360175928,,2.40840957846843
1.3242824552976926,,2.64738297011462
1.9561684304753637,,2.7168377232995247
1.2648178230095364,,2.249931756634195
1.4199557484897578,,2.6483600109809315
0.9444826721501688,,2.3725438007590705
1.4927603890268375,,2.976670880624811
0.414973347970818,,2.366236123718293
1.0969100130080565,,2.269045709657623
2.7083359026822635,,3.435732912484542
2.924020700474068,,3.5381840008582675
0.1139433523068367,,1.57978359661681
0.0791812460476248,,1.857935264719429
0.414973347970818,,2.307923703611882
1.403120521175818,,2.329397879361043
0.7781512503836436,,2.149834696715785
1.3673559210260189,,2.148602654806093
1.6875289612146342,,2.593618308129536
2.0342272607705505,,2.979457318097848
1.0043213737826426,,2.3422252293607904
1.436162647040756,,3.032135046879901
-1.0,,2.4671639659690903
-0.2218487496163564,,1.8444771757456813
1.5705429398818975,,2.928856533581911
1.6424645202421213,,2.322219294733919
1.0681858617461617,,2.4217684012069243
1.290034611362518,,2.2281436075977417
1.1205739312058498,,2.3113299523037933
1.0453229787866574,,2.17376882313665
0.8864907251724818,,2.563599728881531
1.5877109650189114,,2.5056925074122
2.1149444157125847,,2.55303301620244
2.2555137128195333,,2.694429690957083
1.8709888137605752,,2.5678494505731067
1.3263358609287514,,2.160468531119037
1.2041199826559248,,2.3057811512549824
1.08278537031645,,2.9380190974762104
0.7323937598229685,,2.930949031167523
0.7923916894982539,,2.3991543339582164
0.9731278535996988,,2.113943352306837
1.808210972924222,,2.893817223967463
1.4409090820652175,,2.534787358629492
2.101403350555331,,3.353858551860327
0.9542425094393248,,2.4075608494863627
1.1205739312058498,,2.418301291319745
1.916453948549925,,2.566201718854913
1.9628426812012425,,2.6015167836500104
1.4756711883244296,,2.460296326757476
0.8808135922807914,,2.1354506993455136
1.100370545117563,,1.884228769632604
0.6812412373755872,,1.884795363948981
0.6901960800285137,,2.3684728384403617
1.3463529744506386,,2.4222614508136027
1.0128372247051722,,3.043833654133147
1.6541765418779606,,2.530199698203082
1.5854607295085006,,2.690196080028514
0.8864907251724818,,2.4650852875574327
1.0,,2.452859335795852
0.9912260756924948,,2.2915908256580013
1.3673559210260189,,2.447468130949756
1.0569048513364727,,2.887279634530023
1.4885507165004443,,2.7075701760979363
1.4440447959180762,,2.6732052817790453
1.0334237554869496,,2.137670537236755
1.5943925503754266,,2.0090257420869104
2.006893707947901,,2.902546779313991
1.857935264719429,,2.668292710448221
0.7558748556724915,,1.9084850188786495
1.5634810853944108,,2.5599066250361124
2.090258052931316,,3.3154665234956533
1.2174839442139065,,2.421439390220049
1.5289167002776547,,2.549248556854056
1.414973347970818,,2.375663613960885
1.0,,2.0310042813635367
1.380211241711606,,2.3592661646067485
1.3010299956639813,,2.5220528008688223
0.8633228601204559,,2.512684396217164
1.977723605288848,,3.409848622021192
2.3521825181113627,,2.8003733548913496
1.3180633349627615,,1.8959747323590648
1.380211241711606,,2.2043913319193
1.7032913781186614,,3.0746336182969043
1.761927838420529,,3.031691168625146
1.1846914308175989,,2.238297067875394
1.2278867046136734,,2.4768316285122607
1.4563660331290431,,2.8138477542288545
1.9268567089496924,,2.5596672783880576
1.7323937598229686,,2.575534218319864
1.510545010206612,,2.540579716504454
1.4983105537896004,,2.5650209283452936
1.155336037465062,,2.4720246977002813
1.724275869600789,,2.760648619581356
1.4913616938342726,,2.655042341331202
1.4014005407815442,,2.7388598020722004
1.5888317255942073,,2.7641761323903307
1.3673559210260189,,2.654465333520146
1.3443922736851108,,2.7089305358066165
0.785329835010767,,2.3211840273023143
1.6009728956867482,,2.5928426831311
1.615950051656401,,2.689131197234498
1.4771212547196624,,2.625106575403468
1.4487063199050798,,2.4586378490256493
0.4313637641589873,,-0.3979400086720376
2.139249217571607,,3.100577302789596
2.482730700079943,,3.377360898781113
0.2041199826559248,,2.375663613960885
1.5185139398778875,,2.5144149205803688
1.7824726241662865,,2.625723909525756
1.3944516808262162,,2.468790262099611
1.1846914308175989,,2.34713478291002
1.0128372247051722,,2.6324572921847245
1.0043213737826426,,2.230704313612569
1.2253092817258628,,2.4340896384178907
1.8573324964312683,,3.1923165047027373
1.4969296480732148,,2.6816029987308685
1.6344772701607315,,2.7218106152125467
1.82020145948564,,2.788945727023748
1.60959440922522,,2.307282047033346
1.2988530764097066,,2.4718781993072905
1.9867717342662448,,2.926599653907028
1.2068258760318498,,1.9304395947667
0.8129133566428556,,2.111598524880394
0.1760912590556812,,2.021602716028242
1.3443922736851108,,2.542451947375977
0.6334684555795865,,2.096562438374136
2.052693941924968,,3.120146006188112
1.7671558660821804,,2.823148059810694
1.847572659142112,,2.640779477344857
0.8633228601204559,,2.6483600109809315
1.810232517995084,,2.423245873936808
1.403120521175818,,3.2085219729314334
1.3364597338485296,,3.14637613307539
1.24551266781415,,2.6266482684740105
1.1583624920952498,,2.625003601014864
1.741939077729199,,3.028855809390444
1.4265112613645752,,3.0226757619537272
1.714329759745233,,3.041905639223649
1.8825245379548805,,3.407407901965182
1.7371926427047373,,2.9120093755869783
1.2479732663618066,,2.899492196138132
1.665580991017953,,2.8521749044203037
1.4899584794248346,,2.753046561626529
1.824125833916549,,2.719993826367604
2.407390904470732,,3.4177539344041343
2.710878617685173,,3.4572913391285067
0.1760912590556812,,1.130333768495006
1.9175055095525464,,2.834229902851677
2.228913405994688,,3.0
1.7693773260761383,,2.945813126587338
1.6201360549737576,,2.751279103983342
1.7032913781186614,,2.7046651854545294
2.1522883443830563,,3.1943755674822123
1.380211241711606,,2.287801729930226
0.7993405494535817,,2.1189257528257768
1.3010299956639813,,2.2624510897304293
1.6201360549737576,,2.638988159343682
1.714329759745233,,2.419625360887743
1.9057958803678683,,2.1427022457376155
0.9637878273455552,,2.430558769522757
1.2380461031287957,,1.975431808509263
1.0374264979406236,,1.5092025223311027
1.7767011839884108,,2.9161906599805376
1.7427251313046983,,2.9372168908627057
1.4899584794248346,,2.5841049703994527
0.255272505103306,,2.119585774961784
1.3944516808262162,,2.739967696759509
0.8061799739838872,,2.286231854028553
1.7168377232995244,,2.727297202803588
0.8920946026904804,,2.3925210899319325
2.151676230847048,,3.357534654597579
0.6720978579357175,,2.5595475555804343
0.6627578316815741,,1.884795363948981
1.1931245983544616,,2.610234175334389
1.404833716619938,,2.53655844257153
1.678518379040114,,2.591954555046736
1.4409090820652175,,2.794627444664508
1.3783979009481375,,2.785543369956593
1.2041199826559248,,2.681693392004564
0.9294189257142929,,2.418301291319745
1.8293037728310249,,2.4650852875574327
1.5831987739686226,,3.3327211642891275
1.1931245983544616,,2.6074550232146687
1.5786392099680724,,3.170672340315576
0.6334684555795865,,3.297147471801269
1.4099331233312946,,3.3618033589256875
2.411451342137937,,3.5017300508462204
2.63286204010023,,3.201069231151306
1.3783979009481375,,2.34713478291002
1.3579348470004535,,3.230704313612569
1.5092025223311027,,2.791620482692814
1.187520720836463,,3.072286669509892
1.8318697742805017,,2.719248398447946
1.3747483460101038,,2.3494717992143856
1.260071387985075,,2.5696079675468244
1.260071387985075,,2.638888424705076
2.673297439759636,,3.3664229572259727
0.9395192526186184,,1.809559714635268
2.087781417809542,,3.2303211689190783
1.4885507165004443,,2.7912694809102683
1.0170333392987805,,2.9297253783780044
1.2068258760318498,,1.9885589568786155
0.041392685158225,,1.8627275283179747
1.3159703454569178,,2.5621738633646483
1.1613680022349748,,2.6036855496147
1.390935107103379,,2.7532765701844184
1.7201593034059568,,2.9215304135012423
0.6627578316815741,,2.4776999283321306
1.8401060944567575,,3.2881373948820665
0.7160033436347992,,2.6769678142947586
1.3384564936046048,,3.255754786643044
2.092369699629121,,3.100405011565889
1.8733206018153987,,3.0757293997408985
2.472171146692363,,3.3898745583909853
2.510276844417355,,2.746400644491561
2.8066547239918607,,3.109477300958736
2.8898617212581885,,3.453944862340669
2.8867726430544383,,3.2863441764090844
2.938569756221061,,3.4428402249638834
1.2966651902615312,,2.1535099893008374
2.490520309363349,,3.4419149759298477
2.561935763313781,,3.547971508147236
2.397070549959409,,3.306317781104432
1.9237619608287,,2.7466341989375787
1.3996737214810382,,2.286231854028553
1.9813655090785445,,2.435525851498655
2.460747541844197,,3.2009872191631663
2.0770043267933502,,3.334815512506212
2.309204179670408,,3.3578014905028684
2.069668096911596,,3.366161367804191
1.808885867359812,,2.8949802909279687
1.561101383649056,,2.8555191556678
2.3594560201209864,,3.356064119338595
2.5358002908248976,,3.446304113951924
1.2329961103921538,,2.378942698613437
1.6599162000698502,,2.337459261290656
0.8573324964312685,,2.364926033789976
1.5932860670204574,,3.0711452904510828
1.6414741105040995,,2.737431200514582
1.380211241711606,,2.101059354908116
1.235528446907549,,2.091315159697223
1.6242820958356683,,2.480725378988488
1.08278537031645,,3.382575319649486
0.4623979978989561,,2.238297067875394
1.0128372247051722,,2.5371892262436444
1.4593924877592308,,2.173186268412274
1.60959440922522,,2.020361282647708
1.4502491083193612,,2.603469159733838
1.724275869600789,,2.500785172917456
0.5440680443502757,,2.0895518828864543
0.7923916894982539,,2.1332194567324945
1.787460474518415,,2.4893959217271293
1.6848453616444126,,2.5996647787884166
1.0791812460476249,,2.8189513116401725
1.307496037913213,,2.799064719351008
1.5224442335063195,,2.7832602328729488
2.280805928393667,,3.114110356531892
1.8481891169913989,,3.077149794716969
1.8524799936368563,,3.114777731971562
1.354108439147401,,2.941610802153634
2.7299742856995555,,3.4271289189525853
2.11293997608408,,3.095901279225877
1.292256071356476,,2.3157604906657347
1.5717088318086876,,1.833784374656479
0.5314789170422551,,2.35314654621398
1.155336037465062,,2.4987239707479048
1.6739419986340878,,2.436639631692661
1.462397997898956,,2.3428173146357327
1.9273703630390235,,3.092650478356795
2.020775488193558,,3.239274447023257
2.2081725266671217,,2.885191540606848
2.2931414834509307,,3.359209191764298
1.255272505103306,,1.6963563887333322
1.2430380486862944,,1.9138138523837167
0.2304489213782739,,1.7788744720027396
0.3424226808222063,,1.3961993470957363
0.3617278360175928,,1.6148972160331343
1.657055852857104,,2.865103974641128
1.8506462351830664,,2.601190532615333
1.4409090820652175,,3.103666913746792
1.9722028383790644,,2.3326404103874627
1.7126497016272113,,2.7905666251460763
1.5831987739686226,,1.505149978319906
1.089905111439398,,2.016197353512439
1.287801729930226,,2.326335860928751
1.920123326290724,,2.6240757311456826
0.4471580313422192,,1.4014005407815442
0.6232492903979004,,1.54282542695918
2.573103783163991,,3.548733277598153
2.1734776434529945,,3.465709936418241
2.2143138974244,,3.488719889189165
1.287801729930226,,2.479863113023098
1.2648178230095364,,2.5496162395190853
1.404833716619938,,2.667733052533267
2.093421685162235,,2.8852481077813863
2.545430829465351,,3.481528618895993
1.9138138523837167,,2.8901414600645774
1.4313637641589874,,2.133538908370217
1.8149131812750736,,2.5232260419657013
1.1789769472931697,,2.098643725817057
1.675778341674085,,2.6262376851469003
1.9768083373380665,,2.4668676203541096
1.833147111912785,,2.728272597895017
1.2430380486862944,,2.22219604630172
1.640481436970422,,2.502563669107364
1.534026106056135,,2.673941998634088
1.3242824552976926,,2.3163897510731952
1.416640507338281,,2.055378331375
2.2092468487533736,,2.973404974410061
1.290034611362518,,2.6225248624035684
1.9800033715837464,,3.057171441547266
1.5809249756756194,,2.3630475945210936
1.7596678446896306,,2.548512256341036
1.6294095991027189,,2.448551739201578
1.836324115706752,,2.805024844429805
1.9375178920173464,,2.7350397050337207
1.8567288903828827,,2.6866362692622934
1.2576785748691846,,2.3165993020938607
1.9390197764486663,,3.2306277117106323
1.795184589682424,,3.4173720348523213
2.024074987307426,,3.2890981990566166
1.7058637122839193,,2.710963118995276
1.7323937598229686,,2.94423584379348
2.0860037056183818,,3.032175376961363
1.9052560487484516,,2.7290027092721902
2.521530341278711,,3.3648697986669625
2.4111144185509046,,3.400917723075448
2.8490506905695123,,3.4354302515829653
1.255272505103306,,1.5976951859255124
1.6434526764861874,,2.6628522332647964
1.3364597338485296,,2.409425868671444
2.020775488193558,,2.983400738180538
-0.2218487496163564,,2.0629578340845103
0.9493900066449128,,1.938519725176492
1.6222140229662954,,3.041471640613747
1.8247764624755456,,2.4245549766067134
1.2787536009528289,,2.4423229557455746
1.5237464668115646,,3.034347658446848
0.9395192526186184,,1.7363965022766426
1.9350031514536548,,2.4686426683915115
1.9036325160842376,,2.273464272621346
1.8273692730538251,,2.2949069106051923
0.7781512503836436,,1.848804701051804
0.6812412373755872,,1.745855195173729
2.2062860444124324,,2.550228353055094
1.4727564493172125,,2.24699069924155
0.6127838567197355,,2.640282629696681
1.1430148002540952,,2.7294887691795613
1.4742162640762553,,3.0028569260611206
0.8573324964312685,,2.3550682063488506
1.334453751150931,,1.9474337218870508
1.6693168805661125,,2.4276483711869328
1.734799829588847,,3.0687422929329817
2.0211892990699383,,3.54318615217934
1.606381365110605,,3.1158766642684443
1.9469432706978251,,3.0582741466859518
1.5658478186735176,,2.578409970331236
1.506505032404872,,2.29269900304393
1.60959440922522,,2.6884198220027105
1.2648178230095364,,2.1749315935284423
1.4913616938342726,,2.592398846115564
2.269979676645324,,3.337339439388419
0.5440680443502757,,2.029789470831856
1.2430380486862944,,1.7075701760979365
1.1643528557844371,,1.7489628612561614
2.63558426631123,,3.448257884196469
2.740046724051494,,3.373867870327068
1.6730209071288962,,2.783045572114693
1.645422269349092,,2.8988348380682742
1.8260748027008264,,2.4470028984661623
1.4955443375464486,,2.699404081815337
1.54282542695918,,1.8987251815894932
2.2008504980910777,,3.10595276923698
1.3996737214810382,,2.2174839442139063
2.045714058940868,,3.085540306036948
2.0017337128090005,,3.054919327123814
2.216957207361097,,3.158814646724226
2.0569048513364727,,3.5192371614969837
1.9698816437465,,2.926753905189737
1.8762178405916423,,2.9215824403934163
2.504878459410216,,3.488705793981793
1.3944516808262162,,2.818291890799996
0.9684829485539352,,2.1264561134318045
0.3424226808222063,,2.4412236742426123
0.8260748027008264,,2.636788689034375
1.7972675408307164,,2.3525683861793087
1.7664128471123994,,2.2785249647370174
0.6720978579357175,,2.64738297011462
0.2041199826559248,,1.7730546933642626
-0.3979400086720376,,1.877946951629188
1.5092025223311027,,2.316808752053022
2.5280163411892014,,2.7441364524012477
1.649334858712142,,2.8228869478341507
0.9294189257142929,,2.0354297381845483
1.2278867046136734,,2.6414741105041
1.3364597338485296,,1.82865989653532
1.9929950984313416,,3.3978183891895823
1.9763499790032732,,3.356675855658637
1.3783979009481375,,2.6400837313731205
1.4941545940184429,,2.3925210899319325
0.6232492903979004,,2.219060332448861
-0.0457574905606751,,2.173186268412274
2.675961549642169,,3.493095406643273
2.520483532740792,,3.0072782473342445
1.3242824552976926,,2.501606922418829
2.2329961103921536,,3.22716656673143
2.2187979981117376,,3.445168133327569
2.90655051910145,,3.5659186217846006
2.93028664724552,,3.4840292109404567
2.252610340567373,,3.3140990632952843
1.481442628502305,,2.6050894618815805
1.4082399653118496,,2.6306312440205
2.0519239160461065,,3.023540521554854
1.730782275666389,,3.101368963249252
1.3443922736851108,,2.379668034033654
1.4183012913197457,,2.0515383905153275
1.606381365110605,,2.2821687783046416
1.7363965022766426,,2.6983615660551097
1.7860412102425542,,2.7697464671794534
1.7701152947871015,,2.5496162395190853
1.4409090820652175,,2.2730012720637376
2.031408464251624,,2.8191489428071344
2.036628895362161,,3.082749476727281
2.399327532158679,,3.3848728944929207
2.166726055580052,,3.150510832907968
2.3643633546157306,,3.2581581933407944
2.2314695904306814,,3.213384924916388
2.193958978019187,,3.035709837827862
1.167317334748176,,2.4350476413399647
0.6334684555795865,,2.587598729721245
1.4265112613645752,,2.5021538928713607
1.836324115706752,,2.7370335313338776
1.714329759745233,,2.671172842715084
1.7474118078864234,,2.76618969331016
1.4065401804339552,,2.220631019448092
1.1702617153949575,,2.020775488193558
1.0,,2.15259407792747
1.8887409606828929,,2.515741416669365
2.104145550554008,,2.57978359661681
1.3483048630481609,,2.431363764158988
0.1139433523068367,,1.7641761323903309
0.6812412373755872,,1.6138418218760693
1.2648178230095364,,2.38147609027503
0.4771212547196624,,2.144574207609616
2.110252917353403,,2.429429264381788
1.9813655090785445,,3.1878026387184195
1.8943160626844384,,3.150080686233493
0.99563519459755,,2.345569756056392
0.9030899869919436,,2.160168292958512
2.0310042813635367,,2.4212747912103465
1.711807229041191,,2.8057047044338645
1.3926969532596658,,2.208710019906401
1.6354837468149122,,2.27207378750001
0.9637878273455552,,2.344981413927258
1.276461804173244,,2.0770043267933502
2.3827372657613304,,3.3861956561205666
1.4668676203541096,,2.9354568807116097
1.1398790864012365,,2.6904618932461783
2.8120438979302267,,3.438668900686737
2.1280760126687155,,3.2805328444513826
1.7218106152125463,,2.9279346817411795
2.9968617684906733,,3.5974648171576877
2.944334591970782,,3.540742296330543
1.5390760987927767,,2.287801729930226
1.0644579892269184,,2.008600171761917
1.0086001717619175,,2.065206128054312
1.9618954736678504,,2.7813963051967905
1.615950051656401,,2.3703280077795106
1.6364878963533651,,2.335858911319818
0.9444826721501688,,2.317018101048112
2.2814878879400813,,3.384675923359566
0.6232492903979004,,1.7831886910752577
2.1728946977521764,,3.079145053332749
0.919078092376074,,2.768860000842957
0.7403626894942439,,0.8512583487190752
1.089905111439398,,1.8188854145940097
0.3617278360175928,,1.4727564493172125
1.100370545117563,,2.35237549500052
2.198931869932209,,3.554549726837737
2.2739267801005254,,3.5351928150546965
1.0453229787866574,,2.352953911710088
1.021189299069938,,2.8055008581584
1.8987251815894932,,2.3592661646067485
1.3521825181113625,,2.785258633357701
1.847572659142112,,2.1861083798132053
1.4941545940184429,,2.137986732723532
1.3463529744506386,,2.287129620719111
1.5289167002776547,,2.250420002308894
1.4329692908744058,,2.129689892199301
1.4593924877592308,,2.113943352306837
1.7185016888672742,,2.28397928423848
1.8221680793680173,,2.42422807069598
1.3673559210260189,,2.298853076409707
2.0350292822023683,,2.4614985267830187
1.4517864355242902,,2.128722284338427
1.3384564936046048,,1.9772662124272928
2.001300933020418,,2.561816664318957
1.8943160626844384,,2.645716939369604
1.2174839442139065,,2.40226138245468
1.0569048513364727,,2.1332194567324945
0.7403626894942439,,2.3416323357780544
0.8129133566428556,,2.772615049849171
1.4471580313422192,,1.9633155113861116
1.260071387985075,,2.519696767159853
1.2201080880400552,,1.980911937776844
1.307496037913213,,2.19506899646859
0.8260748027008264,,2.3001605369513523
1.437750562820388,,1.8639173769578603
2.1583624920952498,,3.259426626587052
1.865103974641128,,2.943890048248473
1.4983105537896004,,2.657151501900967
1.6848453616444126,,2.704407927386841
1.4548448600085102,,2.827110687466011
0.8864907251724818,,2.579897869603104
1.7512791039833422,,3.097639015546839
1.0453229787866574,,1.5705429398818975
1.2329961103921538,,1.5740312677277188
1.212187604403958,,1.3053513694466237
0.8808135922807914,,2.6851144690465394
1.089905111439398,,2.684665864025861
0.9542425094393248,,2.046495164334708
1.9185545305502736,,2.239799818447098
1.2430380486862944,,2.252610340567373
1.110589710299249,,2.188084373714938
1.944975908412048,,2.650404669868032
1.1172712956557642,,1.9995654882259823
0.9138138523837168,,1.7589118923979734
1.64738297011462,,2.405346360175709
1.5250448070368452,,2.182129214052998
1.8109042806687004,,2.1248301494138597
1.8603380065709936,,2.3104808914626758
1.5276299008713388,,2.4952667443878105
1.5250448070368452,,2.4072208929273966
1.8518696007297664,,2.459844642388208
2.197280558125619,,2.484869032720402
0.7781512503836436,,2.1020905255118367
1.1958996524092338,,2.9518715571283645
1.5365584425715302,,2.660675788338524
1.4941545940184429,,2.380934463330702
2.496929648073215,,3.3852844547752103
2.499687082618404,,3.463445031770428
1.3242824552976926,,2.898396045930009
1.383815365980431,,2.627058464000989
1.1398790864012365,,1.9370161074648145
1.2787536009528289,,2.53198955141255
1.0086001717619175,,1.7315887651867388
1.24551266781415,,2.4358443659844413
2.581722159949099,,3.321411997974005
1.8221680793680173,,3.0540765572905104
0.6720978579357175,,2.6044420662607237
0.7993405494535817,,2.3244882333076564
1.3463529744506386,,2.7018269303971394
1.5171958979499742,,3.035469763481282
0.5185139398778874,,2.0884904701823963
1.9566485792052035,,3.36087729710204
0.9912260756924948,,1.9365137424788932
0.8325089127062363,,3.015904377895553
1.1846914308175989,,2.6403820447095683
1.1760912590556811,,2.5375672571526757
1.110589710299249,,2.296884475538547
1.7596678446896306,,2.625723909525756
1.7558748556724917,,2.5758803156806462
2.096910013008056,,2.3647385550553985
1.354108439147401,,2.166133970305109
1.385606273598312,,2.1451964061141817
1.7589118923979734,,2.280350693046006
1.7551122663950711,,2.3541084391474008
2.230448921378274,,2.4614985267830187
1.6294095991027189,,2.87742894078822
1.292256071356476,,2.3754807146185724
1.100370545117563,,2.115277591395901
1.3031960574204888,,2.688330818112266
1.6972293427597176,,2.742332282357148
1.57978359661681,,2.590953235187986
1.252853030979893,,3.145040940037024
2.727134423760489,,3.1749896504073343
0.4771212547196624,,1.8457180179666584
2.013679697291193,,2.882011961626658
2.9003671286564705,,3.4972200027144877
2.2380461031287955,,3.3575537197430814
1.2253092817258628,,1.9350031514536548
1.615950051656401,,2.747334109615905
2.226857570288724,,3.1126050015345745
0.7708520116421442,,2.544316141747428
2.038620161949703,,3.001863462692524
1.9912260756924949,,2.3428173146357327
0.1760912590556812,,1.8055008581584
0.8061799739838872,,1.8987251815894932
1.7363965022766426,,3.042181594515766
0.6989700043360189,,1.3617278360175928
0.6334684555795865,,2.11293997608408
1.2405492482825995,,2.588159616383092
2.024895960107485,,2.5739154404215507
1.4771212547196624,,2.3560258571931225
1.7058637122839193,,2.2935835134961167
0.9542425094393248,,2.4163075870598827
1.0293837776852095,,2.392169149489736
1.5211380837040362,,2.2612628687924934
1.4742162640762553,,2.182129214052998
0.0,,1.867467487859052
1.9283958522567135,,2.894371453856237
0.9777236052888476,,2.571708831808688
0.2304489213782739,,1.8915374576725643
0.380211241711606,,1.9175055095525464
-0.6989700043360187,,1.9556877503135055
1.8656960599160703,,3.0872488677956578
1.2227164711475833,,2.5992278627737964
1.7824726241662865,,2.390758528738717
1.81424759573192,,2.693990610460777
1.846955325019824,,2.7895807121644256
1.8438554226231607,,2.7493497605974766
1.8808135922807916,,2.578524605274993
1.7626785637274365,,2.631443769013172
1.846955325019824,,2.729812507160936
1.967079734144497,,3.222534393381713
1.7888751157754168,,2.6307328928171967
1.390935107103379,,2.75495958772171
1.5440680443502757,,2.300812794118117
1.235528446907549,,2.277609214304092
1.639486489268586,,3.0277979433502997
0.724275869600789,,2.4869968884318228
1.830588668685144,,2.719579857713723
1.3159703454569178,,2.365675140455917
1.136720567156407,,2.9011857801371503
2.5634810853944106,,2.708420900134713
1.255272505103306,,2.3356584522893016
1.2648178230095364,,2.2619761913978125
1.2695129442179165,,2.170261715394957
1.3304137733491908,,2.092369699629121
2.0,,3.4127796408202964
1.0413926851582251,,3.024157154459673
2.2208922492195198,,2.740678425227455
1.1643528557844371,,2.040602340114073
1.0718820073061257,,2.2352758766870524
0.414973347970818,,1.8375884382355112
0.6334684555795865,,1.577491799837225
1.0,,1.4116197059632305
0.5440680443502757,,1.1430148002540952
1.187520720836463,,1.3873898263387294
-0.2218487496163564,,2.185258765296585
1.1335389083702174,,1.994756944587628
0.7708520116421442,,2.2062860444124324
1.1172712956557642,,2.797059694699971
0.8061799739838872,,2.686546899063006
1.4517864355242902,,2.820661134643596
0.8750612633917001,,1.951823035315912
1.2810333672477277,,2.576341350205793
2.467015818438436,,3.545838832510257
2.0253058652647704,,3.2536529484835643
1.5599066250361124,,2.6939027410660605
1.9995654882259823,,3.0872488677956578
1.4548448600085102,,2.683767261425312
1.4941545940184429,,2.748575616930992
1.7596678446896306,,2.443106456737266
1.5211380837040362,,2.2229764498933915
1.0374264979406236,,3.019116290447073
1.4578818967339924,,2.822168079368017
0.3010299956639812,,2.018284308426531
1.484299839346786,,2.3634239329171765
1.3053513694466237,,2.542078146335625
1.557507201905658,,2.394801777162711
1.2430380486862944,,2.4583356259919475
1.2671717284030135,,2.1225435240687545
0.255272505103306,,2.154119525515847
1.9268567089496924,,2.640978057358332
1.6263403673750425,,2.971878617026266
1.5010592622177514,,2.572406867558056
1.69810054562339,,2.77232170672292
0.5440680443502757,,0.5440680443502757
1.9400181550076632,,2.432327792261604
0.9493900066449128,,2.2711443179490782
1.0453229787866574,,2.3963737275365067
0.6434526764861874,,1.6190933306267428
0.2787536009528289,,0.99563519459755
0.5440680443502757,,2.28668096935493
-1.0,,1.787460474518415
1.167317334748176,,1.6618126855372612
0.7781512503836436,,2.1360860973840974
0.9344984512435676,,2.6148972160331345
0.7558748556724915,,2.4192947217534604
0.8808135922807914,,1.5327543789924978
0.7075701760979364,,2.1082266563749283
0.5910646070264992,,1.3747483460101038
1.7466341989375789,,2.683767261425312
1.841359470454855,,2.9413623357117613
1.3673559210260189,,3.2345425913115284
0.8388490907372553,,2.0453229787866576
0.7708520116421442,,1.4800069429571503
0.0791812460476248,,1.586587304671755
0.6232492903979004,,1.82865989653532
1.734799829588847,,2.386855529184724
0.9637878273455552,,2.956408571195833
0.7403626894942439,,2.0277572046905536
1.5763413502057928,,2.8922059459757725
1.6739419986340878,,3.032175376961363
1.2741578492636798,,2.3818367999983434
2.0860037056183818,,2.803115554890027
1.795184589682424,,2.570893036218392
1.701567985055927,,2.115943176939055
0.8920946026904804,,1.9175055095525464
2.1792644643390253,,2.7826875682349663
1.6711728427150832,,2.587486465410964
1.5854607295085006,,2.1696744340588068
1.1139433523068367,,1.3579348470004535
1.974971994298069,,2.7113009599161657
2.856608068436936,,3.4761647543228253
1.6384892569546374,,2.2964457942063965
1.8444771757456813,,2.02201573981772
1.6053050461411094,,2.7321524180652137
1.8836614351536176,,2.320354032817672
2.428944290035574,,3.13046242928158
1.705007959333336,,2.497067936398505
1.08278537031645,,2.0580462303952816
0.8808135922807914,,1.6830470382388496
0.3424226808222063,,1.4517864355242902
0.2304489213782739,,1.893206753059848
1.3944516808262162,,2.498999363580153
1.846955325019824,,2.8512583487190755
1.4329692908744058,,2.4781334281005174
1.5276299008713388,,2.4852954387260886
1.3283796034387378,,2.7518177877368792
0.6812412373755872,,2.7603470785299065
0.5314789170422551,,2.708250888591378
1.3747483460101038,,2.292477593667784
1.0606978403536116,,0.146128035678238
1.1139433523068367,,1.890979596989689
0.8061799739838872,,2.371990911464915
1.4487063199050798,,2.564192460626198
1.0293837776852095,,2.469232742506612
0.8750612633917001,,3.072470482303893
1.294466226161593,,1.9740509027928772
1.4727564493172125,,2.351409751925439
1.6294095991027189,,2.164352855784437
1.6304278750250238,,2.208710019906401
1.9268567089496924,,3.2152937981865137
2.1894903136993675,,3.275748884479195
1.0492180226701815,,2.1728946977521764
2.0261245167454502,,3.0450098609058243
0.5797835966168101,,1.100370545117563
1.4885507165004443,,1.830588668685144
1.1335389083702174,,1.809559714635268
1.724275869600789,,2.131618664349125
1.3159703454569178,,2.1489109931093564
2.079543007402906,,2.237040791379191
1.7895807121644254,,2.601842789782098
1.1818435879447726,,2.764250875438773
1.287801729930226,,3.191786247582199
1.5092025223311027,,2.7424108805804925
1.4927603890268375,,2.7841892053809607
1.3364597338485296,,2.144262773761991
1.503790683057181,,2.14674801363064
1.5670263661590604,,2.4192947217534604
1.757396028793024,,2.888797067456681
0.6020599913279624,,1.167317334748176
0.568201724066995,,1.6748611407378116
1.3117538610557542,,2.189770956346874
1.5327543789924978,,2.3736474722092176
0.5797835966168101,,1.8744818176994664
0.3979400086720376,,1.8926510338773004
0.9344984512435676,,1.8668778143374989
-0.0457574905606751,,0.9912260756924948
1.1238516409670858,,1.7160033436347992
0.9867717342662448,,2.044147620878723
1.2013971243204515,,2.004751155591001
0.8260748027008264,,1.0253058652647702
1.0253058652647702,,2.826981336911994
1.2695129442179165,,2.907733736997656
2.7467898321526123,,2.7704101315139065
0.8325089127062363,,2.55509444857832
1.212187604403958,,2.133858125203335
1.100370545117563,,2.210853365314893
0.9084850188786496,,2.3820170425748683
0.9242792860618816,,2.578180609627778
1.423245873936808,,2.7911992464988757
1.5352941200427703,,2.866818802926048
1.2671717284030135,,3.0571333672490866
1.3443922736851108,,3.013174409878867
1.4969296480732148,,3.1489109931093564
1.3996737214810382,,2.0637085593914173
0.9637878273455552,,2.2688119037397803
1.980911937776844,,3.3945392313722045
2.7905666251460763,,3.0656917280932707
1.645422269349092,,2.433449793761596
1.1072099696478683,,3.4950723235504046
0.724275869600789,,2.80962704189405
0.380211241711606,,1.250420002308894
0.5440680443502757,,1.4487063199050798
0.3010299956639812,,1.8247764624755456
1.0969100130080565,,1.964259630196849
0.6532125137753437,,2.02201573981772
0.7708520116421442,,2.061452479087193
1.0718820073061257,,1.9813655090785445
0.7708520116421442,,1.6009728956867482
0.7403626894942439,,1.998695158311656
0.4623979978989561,,2.000434077479319
0.9294189257142929,,1.9595183769729985
0.8864907251724818,,1.7589118923979734
0.3979400086720376,,1.9849771264154932
1.1986570869544226,,2.7233735670189843
1.3159703454569178,,2.3165993020938607
1.5327543789924978,,2.570192561095726
1.6334684555795864,,3.0709240314761503
1.0791812460476249,,2.5162708827293403
0.785329835010767,,1.760422483423212
1.1430148002540952,,3.021478732257527
1.6180480967120927,,3.226316296939334
1.390935107103379,,3.236612828199769
1.0569048513364727,,2.5280163411892014
1.7895807121644254,,2.7792356316758635
1.1205739312058498,,2.513617073787875
1.9854264740830017,,2.8035253955765325
2.184123354239671,,2.867408556522791
1.1958996524092338,,2.857995495560924
1.4065401804339552,,2.7513560997253936
1.155336037465062,,2.910143961064513
1.0606978403536116,,2.775173385424787
-0.2218487496163564,,3.550044809564905
1.1818435879447726,,3.266960398597696
0.5563025007672873,,2.406199423663313
1.5599066250361124,,3.4835872969688944
0.3424226808222063,,2.1936810295412816
0.724275869600789,,1.383815365980431
-0.6989700043360187,,1.561101383649056
1.7283537820212285,,2.527372082827612
1.2787536009528289,,1.7474118078864234
1.2253092817258628,,1.582063362911709
1.3636119798921444,,1.7737864449811935
1.921686475483602,,1.8394780473741985
2.226857570288724,,1.9804578922761
1.3673559210260189,,1.8639173769578603
1.6618126855372612,,2.119585774961784
1.7626785637274365,,2.089198366805149
2.4252080511386565,,2.9260335966788444
0.255272505103306,,1.7944880466591695
0.6334684555795865,,1.7267272090265722
0.8750612633917001,,1.9969492484953808
0.5314789170422551,,2.03342375548695
1.1643528557844371,,1.9532763366673045
1.1139433523068367,,1.9020028913507292
0.568201724066995,,1.990782691803138
0.3979400086720376,,1.9768083373380665
0.99563519459755,,2.0770043267933502
0.5185139398778874,,1.110589710299249
0.2041199826559248,,1.6998377258672457
0.1760912590556812,,2.004321373782642
0.0,,1.92272545799326
0.3222192947339193,,1.968482948553935
0.2304489213782739,,2.024074987307426
1.0334237554869496,,1.6972293427597176
1.2671717284030135,,2.071513805095089
1.2833012287035497,,2.077731179652392
1.146128035678238,,1.4014005407815442
1.271841606536499,,2.0073209529227447
1.24551266781415,,1.7730546933642626
0.1760912590556812,,1.484299839346786
0.8061799739838872,,1.8573324964312683
0.6989700043360189,,1.1205739312058498
0.5440680443502757,,0.0
0.5910646070264992,,1.5185139398778875
1.1430148002540952,,1.8898617212581883
0.9912260756924948,,1.9969492484953808
0.505149978319906,,1.8561244442423004
0.6127838567197355,,1.1238516409670858
0.3010299956639812,,1.3242824552976926
1.2787536009528289,,2.0433622780211294
0.146128035678238,,1.3729120029701063
0.4623979978989561,,1.9590413923210936
1.2648178230095364,,2.0318122713303706
1.08278537031645,,1.7944880466591695
1.260071387985075,,2.039414119176137
1.271841606536499,,2.04766419460156
0.9542425094393248,,1.66838591669
1.481442628502305,,1.9508514588885464
1.6893088591236205,,2.4008832155483626
2.115943176939055,,2.787035182026224
-0.0457574905606751,,1.549003262025788
0.7160033436347992,,1.6857417386022635
0.041392685158225,,1.1522883443830565
1.3636119798921444,,3.1235903326066734
0.5185139398778874,,2.6483600109809315
0.8920946026904804,,2.277609214304092
1.931457870689005,,2.8151126581898125
1.9599948383284165,,3.2974322048101694
2.6852937813867843,,2.7797407511767407
1.656098202012832,,2.6129956560323477
2.111262513659065,,2.882125919770032
1.9324737646771533,,2.5928426831311
1.3636119798921444,,2.171433900943008
1.6374897295125106,,2.5200903281128424
1.6424645202421213,,3.061452479087193
1.6263403673750425,,2.3296012483565187
0.2787536009528289,,3.1436392352745437
1.0791812460476249,,2.5718252490408293
0.7634279935629372,,2.9394693308435302
0.5797835966168101,,2.342422680822206
1.3783979009481375,,2.379124146070392
0.6334684555795865,,0.9242792860618816
0.5910646070264992,,1.9556877503135055
1.9951962915971797,,1.7634279935629371
2.1398790864012365,,1.724275869600789
2.230448921378274,,1.846955325019824
2.4649364291217326,,2.02816441942447
2.295567099962479,,1.944975908412048
2.679518743695789,,1.8228216453031043
1.9479236198317265,,1.9768083373380665
0.255272505103306,,1.2278867046136734
2.004751155591001,,2.182414652434554
0.7634279935629372,,1.1522883443830565
1.9537596917332287,,2.2143138974244
1.1398790864012365,,2.342422680822206
0.5563025007672873,,1.424881636631067
2.2474822606770544,,2.794627444664508
2.553761698390004,,3.451510117934316
1.9400181550076632,,1.9929950984313416
0.6434526764861874,,1.841359470454855
0.7403626894942439,,1.887617300335736
0.1139433523068367,,0.9084850188786496
0.1760912590556812,,1.2201080880400552
0.3617278360175928,,1.4727564493172125
1.3096301674258988,,2.0835026198302677
0.5314789170422551,,1.6503075231319364
0.9542425094393248,,1.916453948549925
0.9493900066449128,,1.9556877503135055
1.209515014542631,,2.0211892990699383
0.8450980400142568,,1.92272545799326
0.6812412373755872,,1.7671558660821804
1.0170333392987805,,1.7972675408307164
0.7403626894942439,,0.9590413923210936
1.285557309007774,,1.9469432706978251
0.5910646070264992,,1.9084850188786495
2.1122697684172707,,2.6582976503081897
1.1139433523068367,,2.0576661039098294
0.8808135922807914,,2.2884728005997825
1.8312296938670636,,2.759969857554307
1.6803355134145632,,2.384532615494249
1.4969296480732148,,2.537819095073274
0.7708520116421442,,2.352953911710088
0.7708520116421442,,2.5673793076509788
1.0606978403536116,,2.7370335313338776
1.1846914308175989,,2.387033701282363
0.7781512503836436,,2.757168192214273
1.797959643737196,,2.64738297011462
1.9982593384236984,,2.3564083270389813
2.044147620878723,,2.8702282790117946
0.6812412373755872,,2.1883659260631485
1.6222140229662954,,2.945222316635341
1.765668554759014,,3.42301637471482
1.7817553746524688,,3.40573897750425
0.5563025007672873,,2.4410664066392638
-0.0969100130080563,,2.541953474458236
0.414973347970818,,2.394801777162711
0.5185139398778874,,2.7415455167762093
1.934498451243568,,2.4835872969688944
1.9479236198317265,,2.326335860928751
1.7234556720351857,,2.4983105537896004
0.724275869600789,,2.0
0.8692317197309762,,2.14674801363064
1.3579348470004535,,2.509202522331103
1.1072099696478683,,2.719579857713723
1.631443769013172,,2.3163897510731952
0.2787536009528289,,2.3027637084729817
0.2304489213782739,,1.6384892569546374
1.4608978427565478,,2.808481056565951
1.0644579892269184,,1.1958996524092338
0.8864907251724818,,0.9030899869919436
1.0718820073061257,,0.8976270912904415
1.2479732663618066,,1.4502491083193612
0.9493900066449128,,0.8864907251724818
0.4471580313422192,,1.2278867046136734
1.9084850188786495,,2.406369835469268
2.468790262099611,,1.980911937776844
1.5943925503754266,,2.3376588910261424
2.6027109449575576,,3.167671716230021
1.4885507165004443,,1.958085848521085
0.3222192947339193,,1.0293837776852095
1.250420002308894,,1.8394780473741985
0.7075701760979364,,1.7299742856995557
0.8260748027008264,,1.8356905714924256
0.9030899869919436,,1.5276299008713388
1.0086001717619175,,1.6910814921229684
0.568201724066995,,1.416640507338281
0.2787536009528289,,1.4683473304121573
0.8864907251724818,,1.7972675408307164
1.1583624920952498,,1.890979596989689
1.100370545117563,,1.8926510338773004
1.2405492482825995,,1.9169800473203824
1.2430380486862944,,1.910090545594068
0.9294189257142929,,1.9003671286564705
1.0253058652647702,,1.91803033678488
1.260071387985075,,1.9052560487484516
1.212187604403958,,1.931457870689005
0.6627578316815741,,1.869231719730976
1.9493900066449128,,2.445759836488631
1.4969296480732148,,2.237040791379191
1.8668778143374989,,2.4446692309385245
1.9854264740830017,,2.754730469023753
1.899820502427096,,2.628695382714023
0.041392685158225,,1.089905111439398
0.255272505103306,,1.8591382972945307
0.6627578316815741,,3.3197720914263638
0.8864907251724818,,3.3799216155042044
1.173186268412274,,2.426673888021373
0.4471580313422192,,2.720737977018425
0.8920946026904804,,2.475816413031318
1.110589710299249,,3.4062164678532603
0.5563025007672873,,1.7259116322950483
1.0492180226701815,,2.9740970037941312
1.639486489268586,,2.939069749923424
1.9479236198317265,,2.824060717418653
2.109240968588203,,2.7844746437625165
2.8282731120520697,,3.2166144855012773
1.9041743682841636,,3.249736304568833
1.271841606536499,,2.172310968521954
0.1139433523068367,,2.055378331375
0.3010299956639812,,2.1095785469043866
-0.3979400086720376,,1.863322860120456
1.436162647040756,,2.236033147117636
0.7403626894942439,,1.2430380486862944
0.7708520116421442,,1.3263358609287514
0.3979400086720376,,0.9084850188786496
1.376576957056512,,1.462397997898956
0.724275869600789,,-0.3979400086720376
1.1903316981702914,,1.187520720836463
1.235528446907549,,1.2695129442179165
1.2787536009528289,,1.3673559210260189
1.60959440922522,,2.9133899436317554
1.2787536009528289,,2.3550682063488506
1.4828735836087537,,2.481442628502305
1.3324384599156054,,2.068927611682072
1.924795995797912,,3.354626976852949
1.8785217955012063,,2.473048805088537
0.6020599913279624,,0.6812412373755872
0.5185139398778874,,1.287801729930226
0.9242792860618816,,1.3729120029701063
1.1335389083702174,,2.069668096911596
0.7160033436347992,,2.03342375548695
0.8325089127062363,,1.8312296938670636
1.230448921378274,,2.0622058088197126
0.3222192947339193,,1.3820170425748683
0.7781512503836436,,1.6009728956867482
0.6127838567197355,,1.586587304671755
0.8692317197309762,,1.4065401804339552
0.380211241711606,,1.739572344450092
0.2304489213782739,,0.8061799739838872
1.385606273598312,,2.591287265058499
0.041392685158225,,2.3218054838575397
0.2041199826559248,,1.711807229041191
0.6434526764861874,,2.9501700598082
0.5563025007672873,,3.035389709198677
0.5440680443502757,,3.391957848245589
0.785329835010767,,2.765817515309918
0.505149978319906,,2.424064525417488
0.9242792860618816,,1.7737864449811935
0.8750612633917001,,2.369030221809153
1.14921911265538,,2.229681842317676
1.0374264979406236,,2.2258259914618934
0.4313637641589873,,2.535167485114944
2.1386184338994925,,2.4446692309385245
0.5563025007672873,,2.133858125203335
1.0128372247051722,,2.342620042553348
0.8920946026904804,,2.590953235187986
-0.5228787452803376,,2.6996643202023733
1.2013971243204515,,2.707058940627596
0.6532125137753437,,2.8880671134074367
0.6532125137753437,,3.329926440795452
0.1139433523068367,,1.9003671286564705
0.414973347970818,,1.3729120029701063
0.7708520116421442,,2.185825359612962
1.3654879848908996,,1.3891660843645324
1.6830470382388496,,2.3811150807098507
1.2201080880400552,,1.910090545594068
1.0253058652647702,,0.9684829485539352
-0.5228787452803376,,0.146128035678238
0.7781512503836436,,1.155336037465062
0.7993405494535817,,1.252853030979893
0.4471580313422192,,1.390935107103379
0.6127838567197355,,1.1903316981702914
0.9242792860618816,,1.5634810853944108
0.8129133566428556,,1.8715729355458788
0.146128035678238,,1.9960736544852755
0.3424226808222063,,0.8692317197309762
0.9542425094393248,,2.0666985504229958
0.414973347970818,,1.6646419755561257
0.8450980400142568,,1.8597385661971468
0.3617278360175928,,0.5440680443502757
1.0128372247051722,,1.4785664955938431
0.8061799739838872,,1.1760912590556811
1.255272505103306,,1.975431808509263
1.250420002308894,,2.0576661039098294
1.0863598306747482,,1.9604707775342989
1.252853030979893,,2.0318122713303706
1.2278867046136734,,1.8007170782823851
0.2787536009528289,,1.530199698203082
1.1931245983544616,,2.0755469613925306
1.9420080530223127,,2.4899584794248346
1.8727388274726688,,2.5056925074122
1.954242509439325,,2.9423057528958942
2.087426457036285,,2.640282629696681
1.4099331233312946,,2.1322596895310446
1.7528164311882717,,2.66228551572213
0.1139433523068367,,3.477858928493696
1.089905111439398,,2.405687786672777
1.2405492482825995,,2.9361114316748544
1.1205739312058498,,1.6998377258672457
1.6424645202421213,,2.510276844417355
1.505149978319906,,2.448087666692341
0.8864907251724818,,1.8836614351536176
0.8808135922807914,,2.3296012483565187
0.2787536009528289,,1.6875289612146342
0.8129133566428556,,3.312832959249337
1.5092025223311027,,2.888179493918325
0.8129133566428556,,2.601408060534684
0.8976270912904415,,2.539201599294128
1.1238516409670858,,2.5079907248196918
2.037426497940624,,2.4470028984661623
0.9444826721501688,,1.9912260756924949
1.2430380486862944,,3.2494918657252647
0.7403626894942439,,1.639486489268586
1.6730209071288962,,2.821316970591097
1.505149978319906,,2.121559844187501
0.3979400086720376,,1.320146286111054
2.9022749204745018,,2.869818207979328
2.15259407792747,,2.623042434246382
0.9867717342662448,,1.9800033715837464
1.1430148002540952,,1.8813846567705728
1.2278867046136734,,1.9410142437055695
0.9344984512435676,,1.9772662124272928
1.2068258760318498,,2.059941888061955
0.9637878273455552,,1.599883072073688
0.9822712330395684,,0.3424226808222063
1.100370545117563,,1.4183012913197457
0.7993405494535817,,1.8407332346118068
0.146128035678238,,1.3996737214810382
0.9777236052888476,,1.6503075231319364
1.1430148002540952,,1.5390760987927767
1.2648178230095364,,1.8432327780980091
1.08278537031645,,1.5198279937757189
1.1986570869544226,,0.9637878273455552
0.9637878273455552,,1.69810054562339
1.08278537031645,,1.3324384599156054
1.3891660843645324,,2.480868923687168
1.515873843711679,,2.38147609027503
0.146128035678238,,1.4329692908744058
1.9822712330395684,,3.468539322942948
2.7811088357294667,,3.594933699846281
1.1398790864012365,,2.40705081480425
1.1702617153949575,,1.7824726241662865
1.615950051656401,,2.637489729512511
1.3692158574101427,,2.6830470382388496
1.48572142648158,,2.482873583608754
1.57287160220048,,2.4742162640762557
-0.1549019599857432,,1.4265112613645752
0.7993405494535817,,2.1455071714096627
0.4771212547196624,,2.095169351431755
0.568201724066995,,1.4116197059632305
0.6720978579357175,,1.9969492484953808
0.7634279935629372,,1.6599162000698502
1.0043213737826426,,2.569373909615046
0.7323937598229685,,2.894426837964188
0.9542425094393248,,2.096910013008056
0.5563025007672873,,3.359740647863716
0.6989700043360189,,2.812646016233119
1.9258275746247424,,3.3913409650889035
1.307496037913213,,1.4014005407815442
0.5563025007672873,,1.271841606536499
0.6020599913279624,,0.5185139398778874
1.7860412102425542,,1.7528164311882717
0.7323937598229685,,0.3617278360175928
0.8260748027008264,,2.015778756389041
0.7481880270062004,,1.9916690073799488
0.7634279935629372,,1.675778341674085
0.8061799739838872,,1.6263403673750425
0.9493900066449128,,2.006466042249232
0.5440680443502757,,2.020361282647708
0.9294189257142929,,1.4199557484897578
1.276461804173244,,2.073351702386901
1.2741578492636798,,2.074450718954591
0.5797835966168101,,2.06595298031387
0.8512583487190752,,1.5854607295085006
0.380211241711606,,1.4199557484897578
0.4471580313422192,,0.8061799739838872
0.2304489213782739,,0.9590413923210936
0.8388490907372553,,1.167317334748176
0.7160033436347992,,1.59659709562646
0.7323937598229685,,1.4281347940287887
0.7923916894982539,,2.053462604925455
0.6434526764861874,,2.8464608251293324
1.469822015978163,,3.458018065291854
0.5314789170422551,,3.3107357840544998
0.9395192526186184,,1.7626785637274365
0.9542425094393248,,2.456973013635818
1.677606952720493,,2.760196229455134
1.434568904034199,,2.91634865227546
2.1749315935284423,,3.049218022670181
1.6551384348113822,,2.278982116865443
1.7075701760979365,,2.3422252293607904
1.8055008581584,,2.8990540679981707
1.7007037171450194,,2.369215857410143
0.5797835966168101,,1.967547976218862
-0.3010299956639812,,1.6963563887333322
0.5910646070264992,,1.7084209001347128
0.7708520116421442,,1.4014005407815442
0.3010299956639812,,2.2931414834509307
0.3010299956639812,,2.404149249209695
1.155336037465062,,2.851380667965597
1.7084209001347128,,2.633468455579586
1.5740312677277188,,2.3613500243522663
1.2741578492636798,,0.6627578316815741
1.1613680022349748,,0.8061799739838872
0.9242792860618816,,0.146128035678238
-0.6989700043360187,,1.1430148002540952
0.7781512503836436,,1.0606978403536116
0.7403626894942439,,1.5010592622177514
2.3312247810207323,,2.6693168805661123
1.260071387985075,,3.0513454993365388
1.8898617212581883,,3.0822107166012427
0.4313637641589873,,0.7323937598229685
1.212187604403958,,1.505149978319906
0.9242792860618816,,1.4487063199050798
0.380211241711606,,1.1271047983648077
0.4771212547196624,,1.941511432634403
0.8325089127062363,,1.8115750058705933
-0.5228787452803376,,1.1430148002540952
0.5563025007672873,,1.899273187317604
0.4623979978989561,,2.890421018800914
0.041392685158225,,2.2177470732627937
1.0170333392987805,,2.0637085593914173
0.380211241711606,,1.7881683711411678
0.568201724066995,,1.4424797690644486
2.072249897613515,,2.4435758797502576
2.395675785269936,,2.675228253593064
1.1931245983544616,,2.9936125579388904
0.6901960800285137,,1.1271047983648077
1.0755469613925308,,2.6406801532776654
1.7888751157754168,,2.3016809492935764
1.9425041061680808,,2.8543667780408697
1.403120521175818,,2.6851144690465394
1.7201593034059568,,2.248218561190075
1.5390760987927767,,2.2895889525425965
1.792391689498254,,2.7372721765355434
1.307496037913213,,3.0542682395471874
1.100370545117563,,2.6450290647211423
1.64738297011462,,2.360025089189397
1.4409090820652175,,2.5532760461371
1.599883072073688,,2.495405563146193
2.115277591395901,,2.2830749747354715
0.414973347970818,,0.7323937598229685
0.8388490907372553,,1.7693773260761383
1.7853298350107671,,1.9025467793139916
1.089905111439398,,1.8959747323590648
1.0569048513364727,,0.9344984512435676
0.9731278535996988,,0.6812412373755872
1.484299839346786,,1.209515014542631
1.1931245983544616,,0.8864907251724818
1.271841606536499,,1.8785217955012063
0.3617278360175928,,1.4927603890268375
0.3979400086720376,,1.9375178920173464
1.2253092817258628,,2.0425755124401905
0.3617278360175928,,1.2576785748691846
0.3979400086720376,,1.2833012287035497
0.4471580313422192,,1.4969296480732148
0.724275869600789,,0.8129133566428556
0.505149978319906,,1.4638929889859074
-0.0457574905606751,,1.4683473304121573
0.3617278360175928,,1.5352941200427703
0.3222192947339193,,1.212187604403958
0.4471580313422192,,1.5378190950732742
0.3617278360175928,,1.0043213737826426
-0.3010299956639812,,1.667452952889954
0.8692317197309762,,2.948999454026953
-0.3010299956639812,,2.5179872030250783
0.1139433523068367,,2.770778396169148
0.8633228601204559,,1.952792443044092
0.4771212547196624,,1.3944516808262162
1.1931245983544616,,2.014520538757924
0.7323937598229685,,2.204662511748219
0.6020599913279624,,1.1398790864012365
1.8727388274726688,,2.484584529282843
0.8692317197309762,,0.8388490907372553
1.2405492482825995,,1.0755469613925308
1.5634810853944108,,0.8260748027008264
0.6901960800285137,,2.093421685162235
1.2988530764097066,,2.0633333589517497
1.5877109650189114,,1.4393326938302626
0.6989700043360189,,1.3979400086720375
0.568201724066995,,1.9498777040368749
0.5563025007672873,,1.4471580313422192
0.4771212547196624,,1.4456042032735976
0.5910646070264992,,1.5352941200427703
0.8692317197309762,,1.7193312869837267
0.7993405494535817,,1.5587085705331658
0.9395192526186184,,1.884795363948981
0.3222192947339193,,1.252853030979893
0.3010299956639812,,1.5403294747908738
0.8573324964312685,,1.904715545278681
0.5797835966168101,,1.7611758131557314
0.414973347970818,,1.9503648543761232
1.1335389083702174,,1.6020599913279625
1.1038037209559568,,1.167317334748176
0.7481880270062004,,0.3424226808222063
1.1335389083702174,,0.041392685158225
1.4969296480732148,,2.433289685195026
-1.0,,1.1818435879447726
0.8808135922807914,,2.5464192668351915
0.8061799739838872,,1.287801729930226
1.3979400086720375,,2.475816413031318
0.6901960800285137,,2.710540447933297
1.334453751150931,,2.5678494505731067
1.021189299069938,,2.805568817548556
0.8573324964312685,,1.9647309210536292
2.509336958017644,,3.340404451432456
2.555698894718901,,3.0768951938660507
2.02201573981772,,2.5953859808091417
0.3010299956639812,,1.506505032404872
0.3222192947339193,,0.4913616938342727
-0.5228787452803376,,0.5185139398778874
0.4313637641589873,,1.5185139398778875
0.5185139398778874,,1.7589118923979734
0.2787536009528289,,1.667452952889954
1.1846914308175989,,1.957128197676813
1.1335389083702174,,1.8790958795000727
1.0293837776852095,,1.8388490907372552
0.3222192947339193,,1.6522463410033232
0.7634279935629372,,1.8068580295188172
0.568201724066995,,1.173186268412274
0.9590413923210936,,2.2345172835126865
1.4082399653118496,,2.2174839442139063
1.9995654882259823,,2.6263403673750423
0.6720978579357175,,1.5024271199844328
2.895919545310016,,2.8228216453031045
1.9628426812012425,,2.02201573981772
1.6304278750250238,,1.515873843711679
0.7160033436347992,,1.7512791039833422
-1.0,,1.4608978427565478
0.7923916894982539,,2.339053735709139
0.6720978579357175,,1.7323937598229686
0.3979400086720376,,-0.3979400086720376
0.9030899869919436,,0.9344984512435676
1.0170333392987805,,1.5010592622177514
1.7168377232995244,,2.1936810295412816
1.1398790864012365,,1.7972675408307164
1.1931245983544616,,1.792391689498254
0.9344984512435676,,1.9289076902439528
0.9030899869919436,,1.9680157139936416
0.4771212547196624,,1.8375884382355112
0.8195439355418687,,1.6989700043360187
0.7708520116421442,,1.808885867359812
0.4471580313422192,,1.9283958522567135
-0.0457574905606751,,1.5352941200427703
0.041392685158225,,1.7226339225338123
0.3424226808222063,,1.0128372247051722
0.6434526764861874,,1.5932860670204574
0.505149978319906,,1.925312091499649
2.186956335465412,,2.5861370252307934
2.0770043267933502,,2.474507639116976
1.499687082618404,,2.9068197154665456
1.436162647040756,,2.7735670489260587
-0.1549019599857432,,0.785329835010767
1.0530784434834195,,2.7974752875373343
1.3996737214810382,,2.462397997898956
-0.3010299956639812,,-1.0
2.690373306916059,,3.361614527024846
2.7545776560447304,,3.4039094305333597
0.041392685158225,,1.3222192947339193
0.568201724066995,,2.350829273582968
0.2787536009528289,,1.6711728427150832
0.7323937598229685,,1.5477747053878226
1.6334684555795864,,2.520483532740792
1.7867514221455612,,1.8864907251724816
0.5910646070264992,,1.9503648543761232
0.785329835010767,,2.186956335465412
-0.1549019599857432,,0.7481880270062004
2.106870544478654,,2.5459253293558426
1.557507201905658,,1.9623693356700207
1.0791812460476249,,1.9813655090785445
0.4771212547196624,,1.6074550232146685
0.6532125137753437,,1.0043213737826426
1.100370545117563,,1.1986570869544226
0.6127838567197355,,1.1903316981702914
0.5185139398778874,,0.8061799739838872
0.4623979978989561,,1.7084209001347128
0.3010299956639812,,1.5987905067631152
0.724275869600789,,1.8943160626844384
0.505149978319906,,1.864511081058392
0.4913616938342727,,1.7641761323903309
1.0969100130080565,,1.8115750058705933
1.1139433523068367,,1.842609239610562
1.1931245983544616,,1.8709888137605752
0.4913616938342727,,1.0681858617461617
0.9912260756924948,,1.861534410859038
-0.3979400086720376,,1.469822015978163
0.7708520116421442,,1.8796692056320532
1.5538830266438743,,3.2815560250343667
0.6532125137753437,,1.6580113966571124
0.146128035678238,,1.9014583213961125
0.4623979978989561,,1.9360107957152093
0.568201724066995,,2.0132586652835167
1.0334237554869496,,1.8762178405916423
-0.3010299956639812,,1.7824726241662865
1.1072099696478683,,2.126131407261984
1.1430148002540952,,2.010299956639812
-0.3979400086720376,,2.0542299098633974
0.5185139398778874,,1.424881636631067
0.9867717342662448,,1.7715874808812553
-0.6989700043360187,,1.0681858617461617
0.414973347970818,,1.136720567156407
0.6232492903979004,,2.0770043267933502
0.3222192947339193,,2.917663024327375
0.9030899869919436,,1.9206450014067875
2.1264561134318045,,2.738066714777469
1.2329961103921538,,2.03382569395331
2.17435059747938,,2.5643109099606027
1.5390760987927767,,2.500099191915723
0.8512583487190752,,0.7403626894942439
0.6720978579357175,,1.823474229170301
1.0334237554869496,,1.167317334748176
1.3222192947339193,,1.9258275746247424
1.4409090820652175,,1.9647309210536292
1.4742162640762553,,2.080987046910887
2.2610248339923973,,2.5379449592914867
0.505149978319906,,0.9912260756924948
1.1335389083702174,,1.9978230807457256
1.0606978403536116,,1.756636108245848
1.0934216851622351,,1.8457180179666584
0.6720978579357175,,0.8325089127062363
0.1139433523068367,,1.089905111439398
0.3222192947339193,,1.3324384599156054
0.9912260756924948,,1.7986506454452689
0.255272505103306,,1.5705429398818975
0.9590413923210936,,1.534026106056135
1.021189299069938,,1.802089257881733
0.2041199826559248,,1.830588668685144
0.3424226808222063,,1.7664128471123994
1.1205739312058498,,1.847572659142112
1.1702617153949575,,1.8802417758954804
0.8692317197309762,,1.7993405494535817
0.8864907251724818,,1.4548448600085102
0.414973347970818,,1.1760912590556811
0.3010299956639812,,1.4828735836087537
-0.3010299956639812,,1.0334237554869496
0.5314789170422551,,0.6989700043360189
0.6232492903979004,,1.790988475088816
-0.2218487496163564,,1.92272545799326
2.250420002308894,,3.108429708423466
2.137670537236755,,2.9540011676815703
1.8887409606828929,,2.53832233323144
0.568201724066995,,1.1702617153949575
0.9294189257142929,,1.8463371121298051
-0.5228787452803376,,1.7693773260761383
2.0729847446279304,,2.5633624094866074
0.8692317197309762,,1.8976270912904412
1.546542663478131,,2.329804522164069
2.1020905255118367,,2.145817714491828
1.481442628502305,,2.088136088700552
0.8061799739838872,,1.3502480183341627
1.4563660331290431,,2.5532760461371
2.1631613749770184,,2.598133645813238
1.4828735836087537,,1.8444771757456813
1.6334684555795864,,1.9703468762300933
1.998695158311656,,2.381656482585787
0.6334684555795865,,0.9867717342662448
0.5563025007672873,,1.0374264979406236
0.724275869600789,,1.0374264979406236
0.8388490907372553,,2.0461047872460387
0.4771212547196624,,1.0253058652647702
1.334453751150931,,1.5921767573958667
1.809559714635268,,2.0038911662369103
1.1139433523068367,,1.599883072073688
1.996511672154179,,1.7715874808812553
0.6434526764861874,,1.885926339801431
0.1760912590556812,,1.910090545594068
0.6020599913279624,,1.765668554759014
0.6334684555795865,,1.5010592622177514
0.8573324964312685,,1.4771212547196624
0.6532125137753437,,1.847572659142112
0.5910646070264992,,1.8115750058705933
0.1139433523068367,,1.2741578492636798
0.4471580313422192,,1.6074550232146685
0.4623979978989561,,1.683947130751512
-0.5228787452803376,,1.9623693356700207
0.8808135922807914,,2.0472748673841794
0.0,,1.167317334748176
0.2041199826559248,,1.7535830588929069
0.5440680443502757,,1.1205739312058498
0.0,,1.2479732663618066
0.7403626894942439,,2.770925614639
1.3010299956639813,,2.924899264014284
0.6334684555795865,,2.612041744645269
0.6334684555795865,,2.769820257763592
0.5314789170422551,,1.4533183400470375
0.7781512503836436,,1.9951962915971797
0.8450980400142568,,2.6321534835106326
0.414973347970818,,2.507586039763011
1.0,,2.659345635746177
0.3222192947339193,,2.6225248624035684
1.0086001717619175,,2.857573704147496
1.6374897295125106,,3.040681439373358
0.1139433523068367,,2.012837224705172
0.4313637641589873,,2.9550139030380502
1.2278867046136734,,2.7396514437093766
0.8260748027008264,,1.5024271199844328
0.8450980400142568,,1.7226339225338123
0.785329835010767,,1.8668778143374989
0.6532125137753437,,1.4969296480732148
0.4771212547196624,,1.2405492482825995
1.1430148002540952,,2.076276255404218
0.785329835010767,,1.6532125137753435
0.8750612633917001,,1.846955325019824
-0.2218487496163564,,1.6201360549737576
0.9590413923210936,,1.8175653695597809
2.1992064791616577,,2.586699801624049
1.8825245379548805,,1.8825245379548805
1.429752280002408,,2.739414102698696
1.534026106056135,,1.6794278966121188
0.568201724066995,,1.7902851640332418
0.3010299956639812,,2.3643633546157306
0.505149978319906,,1.7427251313046983
1.230448921378274,,1.6503075231319364
1.631443769013172,,2.7219754015859534
1.436162647040756,,1.6464037262230695
0.9084850188786496,,1.1038037209559568
0.2304489213782739,,2.249442961442582
0.0,,2.248463717551032
0.380211241711606,,2.083860800866573
1.6434526764861874,,3.1961208925983806
0.4313637641589873,,0.6989700043360189
0.8450980400142568,,2.2008504980910777
1.0,,2.121559844187501
0.6127838567197355,,2.759290033024304
0.9294189257142929,,2.7907776013376937
1.4727564493172125,,2.481729196960016
0.041392685158225,,2.2979792441593623
0.7160033436347992,,2.6423655808449733
-0.3979400086720376,,2.57611089412084
1.0492180226701815,,2.530199698203082
0.0791812460476248,,1.999130541287371
0.3222192947339193,,2.2427898094786767
0.8976270912904415,,2.4875625602563782
0.6532125137753437,,2.5434471800817
0.9344984512435676,,1.975431808509263
0.0,,0.146128035678238
0.2041199826559248,,1.1818435879447726
1.1335389083702174,,2.484157424365381
0.380211241711606,,0.6434526764861874
0.6627578316815741,,2.8361341494653747
0.6720978579357175,,3.1252209363165644
0.8260748027008264,,3.261453202741811
0.5910646070264992,,2.7655195430979527
0.6720978579357175,,2.833210880282609
0.4913616938342727,,2.7786576319473557
-0.3979400086720376,,2.891425942847994
0.4771212547196624,,2.741387992479269
0.9637878273455552,,2.7800291273373383
0.5314789170422551,,2.532627001228891
0.8325089127062363,,2.687974620034556
0.2787536009528289,,2.811038508604216
0.7558748556724915,,2.6833172619218826
1.0334237554869496,,2.7753191218294777
0.6127838567197355,,2.298634783124436
1.0334237554869496,,1.7611758131557314
1.3324384599156054,,1.808885867359812
1.260071387985075,,1.7442929831226763
1.1846914308175989,,1.481442628502305
1.2013971243204515,,1.8756399370041683
0.8808135922807914,,2.004751155591001
0.9294189257142929,,1.790988475088816
1.2695129442179165,,1.7084209001347128
1.8970770032094204,,2.520483532740792
0.2787536009528289,,1.5899496013257075
0.146128035678238,,1.725094521081469
0.9138138523837168,,1.9153998352122696
1.146128035678238,,2.1386184338994925
0.505149978319906,,2.705607163404605
0.6901960800285137,,2.0318122713303706
0.5797835966168101,,1.9503648543761232
-0.3010299956639812,,3.3696239766406326
0.568201724066995,,2.317436496535099
0.7481880270062004,,2.012837224705172
1.836324115706752,,2.4360035356698964
1.437750562820388,,2.537441283407948
1.4533183400470375,,2.386855529184724
1.1818435879447726,,2.331832044436249
1.252853030979893,,2.202215775801132
1.4885507165004443,,2.420945405921972
1.403120521175818,,2.4072208929273966
1.3159703454569178,,2.6269559514354475
0.6232492903979004,,1.4668676203541096
-0.1549019599857432,,0.9684829485539352
-1.0,,0.9867717342662448
1.6618126855372612,,2.456821348021599
1.6483600109809315,,2.411451342137937
1.6211762817750353,,2.534026106056135
0.5440680443502757,,2.3857849588433355
1.8656960599160703,,1.863322860120456
0.568201724066995,,1.7101173651118162
1.0086001717619175,,2.4542348957482654
1.57287160220048,,2.442636525782232
0.9084850188786496,,1.2576785748691846
0.7403626894942439,,1.3560258571931227
0.4771212547196624,,1.7634279935629371
0.9684829485539352,,0.380211241711606
0.0791812460476248,,1.1139433523068367
0.6127838567197355,,1.3944516808262162
0.9138138523837168,,1.423245873936808
1.1430148002540952,,1.734799829588847
1.2380461031287957,,2.11293997608408
1.423245873936808,,1.7551122663950711
1.2648178230095364,,1.5327543789924978
1.3180633349627615,,1.711807229041191
0.8692317197309762,,1.0969100130080565
0.9731278535996988,,1.9068735347220704
0.6532125137753437,,1.911690158753861
0.1760912590556812,,1.8388490907372552
1.801403710017355,,1.9493900066449128
0.7481880270062004,,1.899273187317604
0.7708520116421442,,1.861534410859038
0.5440680443502757,,1.8122446968003691
-0.5228787452803376,,1.757396028793024
0.3010299956639812,,1.8825245379548805
0.505149978319906,,1.8394780473741985
0.2304489213782739,,1.8573324964312683
-0.3010299956639812,,1.8280150642239767
0.6434526764861874,,1.765668554759014
0.7993405494535817,,1.81424759573192
0.4471580313422192,,1.7427251313046983
0.7481880270062004,,1.7226339225338123
-0.0969100130080563,,0.146128035678238
0.2787536009528289,,1.8785217955012063
0.5185139398778874,,1.8208579894397
2.332034277027518,,1.899820502427096
0.8633228601204559,,2.517591730711908
1.0170333392987805,,2.037824750588342
0.2787536009528289,,1.0086001717619175
0.6334684555795865,,2.4396484295634737
0.568201724066995,,1.7895807121644254
1.795184589682424,,2.387567779417189
2.149834696715785,,2.674952948048565
0.9294189257142929,,1.6074550232146685
0.041392685158225,,1.575187844927661
1.2253092817258628,,2.5546102852261643
1.3961993470957363,,2.417969642214737
0.041392685158225,,1.3692158574101427
0.5314789170422551,,0.9344984512435676
-0.2218487496163564,,0.5910646070264992
0.8325089127062363,,1.561101383649056
2.4097641042663462,,2.632254776684713
0.4313637641589873,,-1.0
1.3053513694466237,,1.551449997972875
1.4871383754771863,,1.380211241711606
1.7715874808812553,,1.833784374656479
0.8195439355418687,,1.3304137733491908
0.7403626894942439,,1.3031960574204888
1.276461804173244,,2.154119525515847
0.6434526764861874,,1.6599162000698502
1.3521825181113625,,3.110050716147654
0.3617278360175928,,2.6587743208443566
0.5910646070264992,,2.625209525381881
1.4183012913197457,,3.452614335023878
0.4623979978989561,,2.795741020869244
0.9822712330395684,,2.334051440346892
1.167317334748176,,2.651665603922936
0.0,,2.8788089323592057
1.0863598306747482,,2.345765693114488
1.3636119798921444,,2.1583624920952498
1.3673559210260189,,2.5599066250361124
1.2174839442139065,,2.8558824300360355
1.1335389083702174,,1.3463529744506386
0.7323937598229685,,1.513217600067939
1.209515014542631,,2.15896526038341
0.380211241711606,,1.756636108245848
0.8061799739838872,,2.8663464227496016
1.7275412570285564,,2.6942541120252783
0.9294189257142929,,2.967547976218862
0.4313637641589873,,2.121887985103681
1.0334237554869496,,1.3747483460101038
1.0293837776852095,,2.4326486600131068
0.2787536009528289,,1.9768083373380665
0.1760912590556812,,1.276461804173244
0.8061799739838872,,1.9903388547876013
0.4313637641589873,,0.9242792860618816
0.7634279935629372,,1.130333768495006
0.7708520116421442,,1.6180480967120927
1.64738297011462,,1.3747483460101038
0.9731278535996988,,1.307496037913213
0.9395192526186184,,1.4082399653118496
0.9030899869919436,,0.505149978319906
1.4683473304121573,,2.3184807251745174
1.5526682161121932,,2.009450895798694
1.2741578492636798,,2.230959555748569
1.1931245983544616,,2.260786668654976
0.2787536009528289,,0.9138138523837168
0.3010299956639812,,0.7160033436347992
1.8007170782823851,,3.797274467322242
0.414973347970818,,2.602385590105105
1.100370545117563,,2.5358002908248976
1.2013971243204515,,3.216297886630392
1.4727564493172125,,2.9028184680822533
0.0791812460476248,,2.6377898293622293
0.919078092376074,,3.113542279953964
0.9344984512435676,,2.224014811372864
1.1172712956557642,,2.3694014136966244
0.5314789170422551,,3.0281644194244697
0.7634279935629372,,3.105271683106794
0.568201724066995,,2.8504624327615167
1.24551266781415,,2.6545615547417434
0.7708520116421442,,2.491781775584166
1.292256071356476,,2.4895366294820955
0.8260748027008264,,1.6190933306267428
1.2648178230095364,,2.4574276929464847
1.7481880270062005,,2.2933625547114453
1.0334237554869496,,1.7759743311293692
1.1931245983544616,,1.7596678446896306
0.9867717342662448,,1.6646419755561257
0.6901960800285137,,1.3729120029701063
1.5888317255942073,,1.5670263661590604
1.2576785748691846,,1.761927838420529
1.3673559210260189,,1.9153998352122696
1.9604707775342989,,1.739572344450092
0.9912260756924948,,1.3673559210260189
1.1072099696478683,,0.7075701760979364
0.0791812460476248,,1.4014005407815442
0.7634279935629372,,1.2671717284030135
0.7323937598229685,,1.790988475088816
0.5910646070264992,,0.4913616938342727
2.345177616542704,,2.0870712059065357
1.2787536009528289,,1.561101383649056
1.5390760987927767,,2.1501421618485588
1.5092025223311027,,1.9698816437465
0.7403626894942439,,1.2479732663618066
0.414973347970818,,2.806993513682108
0.568201724066995,,2.539201599294128
0.1139433523068367,,1.0453229787866574
0.380211241711606,,1.0374264979406236
1.0128372247051722,,2.567731962548069
1.3692158574101427,,2.5342800052050816
1.0969100130080565,,2.588159616383092
0.6020599913279624,,2.7085908451503435
0.99563519459755,,2.49982449583958
0.2787536009528289,,1.7387805584843692
1.0791812460476249,,2.7786576319473557
0.785329835010767,,2.683407299132095
0.4771212547196624,,0.9867717342662448
0.1139433523068367,,0.8692317197309762
0.6127838567197355,,1.9319661147281728
0.6020599913279624,,0.724275869600789
0.4471580313422192,,1.08278537031645
0.1139433523068367,,1.8555191556678
1.0128372247051722,,2.0681858617461617
0.8692317197309762,,0.5563025007672873
1.0863598306747482,,1.9122220565324155
0.6720978579357175,,1.3636119798921444
1.0530784434834195,,1.4828735836087537
0.9637878273455552,,1.3944516808262162
0.724275869600789,,1.2787536009528289
1.809559714635268,,2.089905111439398
1.2253092817258628,,1.8948696567452523
0.9444826721501688,,1.6211762817750353
1.3031960574204888,,0.5314789170422551
0.0791812460476248,,-0.6989700043360187
0.7323937598229685,,1.0644579892269184
0.568201724066995,,1.1818435879447726
2.399673721481038,,2.619719265611727
1.546542663478131,,1.6374897295125106
2.073351702386901,,2.0038911662369103
0.7993405494535817,,0.6989700043360189
1.5899496013257075,,1.4578818967339924
0.7403626894942439,,1.506505032404872
1.9479236198317265,,1.887617300335736
0.6434526764861874,,2.7402837196818792
0.4313637641589873,,2.8178957571617955
1.100370545117563,,2.64018319192134
1.0569048513364727,,2.7977521286507105
1.255272505103306,,3.0510366951412133
0.7993405494535817,,2.394976719554564
0.255272505103306,,1.484299839346786
1.4456042032735976,,2.687885524848705
-0.0457574905606751,,2.267406418752904
0.3617278360175928,,1.606381365110605
1.1335389083702174,,2.139249217571607
2.04766419460156,,2.5018804937550585
2.087781417809542,,2.8184238550920786
1.9138138523837167,,2.678700434998304
0.6232492903979004,,1.4683473304121573
0.9138138523837168,,2.2380461031287955
1.413299764081252,,2.13640344813399
1.4116197059632305,,2.4324882557705063
0.6334684555795865,,1.9268567089496924
0.4471580313422192,,2.068556895072363
0.2787536009528289,,1.2201080880400552
1.8228216453031043,,2.556061159009533
2.0409976924234905,,2.5643109099606027
1.5854607295085006,,2.0588054866759067
2.144885418287142,,1.9849771264154932
-0.0457574905606751,,0.8388490907372553
1.4099331233312946,,1.413299764081252
1.2988530764097066,,1.1583624920952498
1.526339277389844,,1.8785217955012063
1.3636119798921444,,1.6711728427150832
2.276231957921833,,1.9122220565324155
2.097604328874411,,2.232742062720737
0.8325089127062363,,1.2430380486862944
1.0293837776852095,,1.4313637641589874
2.211120541258049,,2.3281756614383227
2.245018870737753,,2.371437317404101
2.26528962586083,,2.9379189026477803
1.3117538610557542,,2.13956426617585
1.688419822002711,,1.252853030979893
0.9344984512435676,,1.2624510897304295
1.290034611362518,,1.2148438480476975
0.5910646070264992,,2.143327129992046
1.0334237554869496,,2.8663464227496016
0.9138138523837168,,2.325515663363148
-0.3979400086720376,,1.6020599913279625
1.390935107103379,,2.9639294220265584
0.0,,2.2427898094786767
1.3283796034387378,,2.954628377507271
0.724275869600789,,2.278753600952829
1.503790683057181,,2.633165353683903
1.413299764081252,,2.775974331129369
0.5314789170422551,,1.413299764081252
0.5910646070264992,,1.437750562820388
1.3304137733491908,,2.378216149749878
1.611723308007342,,2.738225448142505
1.287801729930226,,2.669409867287783
1.3384564936046048,,2.5174598265402324
1.6127838567197357,,2.908270499495724
1.2576785748691846,,1.0293837776852095
1.1072099696478683,,1.5634810853944108
1.320146286111054,,1.9493900066449128
1.6374897295125106,,2.06595298031387
1.8813846567705728,,2.3483048630481607
1.534026106056135,,0.9242792860618816
2.014940349792937,,0.9242792860618816
2.0,,2.721480854770049
2.4379090355394983,,2.27207378750001
0.6434526764861874,,0.7923916894982539
0.6901960800285137,,1.8904210188009145
0.2787536009528289,,1.1986570869544226
0.9590413923210936,,1.2966651902615312
1.1522883443830565,,0.041392685158225
0.7481880270062004,,1.0755469613925308
1.383815365980431,,1.4517864355242902
1.0492180226701815,,2.5658478186735176
1.0606978403536116,,2.7184186418296554
1.403120521175818,,2.160168292958512
1.2227164711475833,,1.7752462597402363
0.8388490907372553,,1.954242509439325
-0.5228787452803376,,1.4955443375464486
1.146128035678238,,1.5658478186735176
0.7781512503836436,,2.119915410257991
1.1072099696478683,,1.8785217955012063
0.3222192947339193,,2.948315140689348
0.3010299956639812,,2.113609151073028
1.6364878963533651,,2.5285310606354114
1.4265112613645752,,2.5240064455573723
1.7671558660821804,,1.5314789170422551
0.6720978579357175,,0.8325089127062363
0.6901960800285137,,0.7160033436347992
0.3010299956639812,,0.9867717342662448
0.5185139398778874,,0.8129133566428556
1.260071387985075,,1.8915374576725643
1.8344207036815323,,1.8656960599160703
0.041392685158225,,0.4471580313422192
0.7403626894942439,,1.1613680022349748
1.3710678622717365,,2.5964871337365443
1.290034611362518,,2.6340740254874686
1.591064607026499,,2.528273777167044
1.1238516409670858,,2.6164755138885654
1.9656719712201067,,2.6994908452722046
1.9916690073799488,,2.649334858712142
1.6201360549737576,,2.615634468877416
1.1846914308175989,,1.8785217955012063
1.260071387985075,,1.8621313793130367
2.1556396337597765,,1.9175055095525464
-0.0969100130080563,,1.7435097647284297
1.287801729930226,,2.939619078956698
2.018700498666244,,2.6742179455767
1.606381365110605,,2.607776603741693
1.530199698203082,,2.590953235187986
1.649334858712142,,2.6637951222194074
1.2174839442139065,,2.006466042249232
1.683947130751512,,2.7218106152125467
1.187520720836463,,2.3113299523037933
1.59659709562646,,3.094156561782523
1.8149131812750736,,2.7496590320949
1.6374897295125106,,2.671728088239558
1.4065401804339552,,3.047430640155542
1.5954962218255742,,2.3434085938038574
1.6148972160331343,,2.301897717195208
0.785329835010767,,2.0346284566253203
1.167317334748176,,2.3059958827708047
1.499687082618404,,2.722140125457416
0.9822712330395684,,2.133858125203335
1.3263358609287514,,2.3778524190067545
1.4727564493172125,,2.4032921451582543
1.3729120029701063,,2.4967913157000425
1.802089257881733,,2.564073978977147
0.8864907251724818,,2.1055101847699738
0.99563519459755,,2.3554515201265174
1.739572344450092,,2.191730393362856
2.3136563466180315,,2.7377490738915573
2.374381698050882,,2.8903092168999485
1.4913616938342726,,2.5207454715194824
1.3180633349627615,,1.8280150642239767
1.4955443375464486,,2.745309059940828
1.0606978403536116,,2.116275587580544
0.9084850188786496,,2.284881714655453
1.5943925503754266,,3.0709240314761503
1.9289076902439528,,3.212533836186607
1.909020854211156,,2.82795052830263
1.5932860670204574,,2.4972061807039547
1.9813655090785445,,2.524525936626376
1.975431808509263,,2.9167696842831363
1.354108439147401,,2.4574276929464847
0.414973347970818,,2.369030221809153
1.569373909615046,,2.4831592097169795
2.0831441431430524,,2.683227206041435
0.9030899869919436,,1.7474118078864234
0.785329835010767,,1.6954816764901974
0.9731278535996988,,1.14921911265538
1.6720978579357175,,1.9876662649262744
1.0934216851622351,,1.577491799837225
1.1398790864012365,,2.0530784434834195
0.8388490907372553,,1.484299839346786
1.1205739312058498,,1.8536982117761744
0.724275869600789,,1.4471580313422192
1.5365584425715302,,1.8356905714924256
0.7634279935629372,,1.2329961103921538
1.260071387985075,,2.785472203306388
0.9912260756924948,,1.1986570869544226
1.2624510897304295,,1.4393326938302626
0.6720978579357175,,2.4101020766428607
0.4913616938342727,,2.276231957921833
0.8633228601204559,,2.6860102913152857
0.9637878273455552,,2.710625015060797
1.0293837776852095,,3.070074826267528
1.884795363948981,,2.8175653695597807
0.7708520116421442,,2.7672300981107183
1.3324384599156054,,3.339411687131677
1.658964842664435,,3.099300726233463
1.3502480183341627,,3.107006346381544
1.0453229787866574,,2.11293997608408
0.8750612633917001,,1.8750612633917
0.9242792860618816,,1.294466226161593
1.0644579892269184,,2.8093576702111056
0.8129133566428556,,1.9712758487381048
1.5763413502057928,,3.259689422716914
0.6434526764861874,,1.4771212547196624
0.2304489213782739,,1.951823035315912
1.1702617153949575,,2.7641761323903307
1.8555191556678,,2.470704429722788
2.3664229572259727,,3.3249817030873694
1.739572344450092,,3.3247555990379176
1.4014005407815442,,2.653887558070977
-0.2218487496163564,,2.232233521114733
1.6201360549737576,,2.3896975482063856
1.615950051656401,,2.7172543127625497
1.3747483460101038,,2.271609301378832
0.8388490907372553,,2.090610707828407
1.1931245983544616,,3.0555694400609896
1.235528446907549,,2.803115554890027
1.4281347940287887,,1.7745169657285496
1.6324572921847242,,3.206852850006698
1.899273187317604,,2.817168572381056
1.1238516409670858,,3.3830070418225384
1.3654879848908996,,2.792391689498254
1.3242824552976926,,2.06595298031387
1.69284691927723,,2.305136318943639
1.3673559210260189,,3.099473456014169
1.5670263661590604,,2.677789391068861
1.59659709562646,,2.793441132977664
1.212187604403958,,2.0166155475571776
1.0718820073061257,,2.3287872003545345
-0.3979400086720376,,1.390935107103379
0.568201724066995,,2.039017321997412
1.130333768495006,,2.1687920203141817
2.218535505216528,,3.1720772569694806
1.1038037209559568,,2.7907776013376937
1.4638929889859074,,2.760648619581356
1.2380461031287957,,2.3573630306151427
0.9030899869919436,,2.45499721730946
1.0413926851582251,,2.573103783163991
1.5198279937757189,,2.956408571195833
1.307496037913213,,3.062318695658776
1.376576957056512,,2.773786444981193
0.5563025007672873,,1.7678976160180906
1.4800069429571503,,2.775683249026044
1.3117538610557542,,2.252610340567373
1.276461804173244,,2.241048150671644
1.6618126855372612,,2.271609301378832
0.9777236052888476,,2.0008677215312267
1.0755469613925308,,2.3109056293761414
1.6384892569546374,,2.597804842404293
1.6946051989335686,,2.420780619548565
0.7075701760979364,,2.0472748673841794
1.3117538610557542,,2.5056925074122
0.2304489213782739,,1.7551122663950711
1.271841606536499,,2.66661156841903
-1.0,,1.7958800173440752
0.1139433523068367,,1.734799829588847
0.4771212547196624,,2.2915908256580013
1.5185139398778875,,2.6793370305207937
1.8109042806687004,,3.1000947150149893
0.2787536009528289,,2.133858125203335
2.412628520544376,,3.3671881353856272
0.6532125137753437,,1.968482948553935
0.8692317197309762,,2.277609214304092
0.8633228601204559,,1.9479236198317265
1.5763413502057928,,3.2184041992497217
1.6138418218760693,,2.531223374533027
1.506505032404872,,2.111598524880394
1.6232492903979006,,2.7442929831226763
1.75815462196739,,2.670987603010034
0.5563025007672873,,1.3729120029701063
1.546542663478131,,2.7960189693471493
0.8976270912904415,,1.5717088318086876
1.615950051656401,,2.484299839346786
1.3283796034387378,,2.747489492258673
0.5563025007672873,,1.983175072037813
1.08278537031645,,1.526339277389844
1.0530784434834195,,1.6857417386022635
1.462397997898956,,2.598352709869284
1.568201724066995,,2.917558020825436
1.9095560292411755,,3.326151451483545
2.3483048630481607,,3.365263291698734
2.0927206446841,,3.2565493821521945
0.7160033436347992,,2.3422252293607904
2.433769833924866,,3.4413022866931677
1.846955325019824,,2.7645497190644672
1.3222192947339193,,2.5417040232842885
1.0755469613925308,,2.563599728881531
1.1931245983544616,,2.561220678933944
1.534026106056135,,2.4211101297934343
1.9380190974762104,,2.904985881099363
1.930949031167523,,3.2823048283705702
1.8182258936139557,,2.371437317404101
1.3384564936046048,,1.3729120029701063
0.8976270912904415,,2.064083435963596
1.7058637122839193,,2.94512377012212
1.6190933306267428,,2.6223176608338443
1.4099331233312946,,2.0038911662369103
1.271841606536499,,2.52608069180203
1.841984804590114,,3.1961485396991254
-0.2218487496163564,,1.7092699609758308
-0.0457574905606751,,1.7589118923979734
1.0453229787866574,,2.3354579006893843
0.8260748027008264,,2.148602654806093
1.816241299991783,,2.413467412985825
0.7481880270062004,,1.503790683057181
1.1818435879447726,,2.171433900943008
0.9590413923210936,,2.2538224387080734
1.8115750058705933,,2.732715340349993
1.900913067737669,,2.774881765818796
1.5670263661590604,,2.597695185925512
0.7323937598229685,,1.8382192219076257
1.1583624920952498,,2.1956229435869368
1.904715545278681,,3.0826058726978984
1.8621313793130367,,2.7800291273373383
0.8633228601204559,,1.6211762817750353
1.4281347940287887,,2.7591388162811663
1.187520720836463,,2.257678574869185
1.3404441148401185,,2.5982431916536224
1.8887409606828929,,3.1073795828044486
0.8129133566428556,,2.093421685162235
0.5910646070264992,,2.144262773761991
0.9138138523837168,,1.724275869600789
1.6009728956867482,,2.731427587050948
1.9334872878487053,,3.122150319440805
1.8375884382355112,,3.006294857981385
1.8048206787211625,,2.267406418752904
1.2405492482825995,,3.056599976292781
1.7611758131557314,,3.016615547557177
1.2966651902615312,,2.211120541258049
0.6127838567197355,,1.667452952889954
1.4456042032735976,,2.2237554536572413
1.611723308007342,,2.8736692927067944
1.250420002308894,,2.4291060083326967
0.8512583487190752,,1.8109042806687004
0.505149978319906,,2.1598678470925665
1.2576785748691846,,2.3336487565147013
0.2304489213782739,,1.8887409606828929
1.0334237554869496,,2.5060989599284405
0.2787536009528289,,1.7965743332104296
1.1139433523068367,,2.1367205671564067
1.833784374656479,,3.0008677215312267
2.2392994791268923,,3.3593800878746345
1.505149978319906,,1.8893017025063104
1.0606978403536116,,2.2013971243204518
1.1271047983648077,,2.3872118003137306
1.3424226808222062,,2.0867156639448825
1.5403294747908738,,2.3473300153169503
1.9763499790032732,,2.4684950245070696
1.9633155113861116,,2.819083075743703
1.3926969532596658,,3.1385868706535827
1.0569048513364727,,1.816241299991783
1.8704039052790271,,2.5634810853944106
1.6720978579357175,,2.5144149205803688
1.6374897295125106,,2.817961804531994
1.615950051656401,,2.5299434016586693
1.6830470382388496,,2.629715332647132
1.8518696007297664,,2.5212688755983854
1.4563660331290431,,2.626032247829019
1.557507201905658,,2.807873132003332
0.5563025007672873,,1.7723217067229198
0.8573324964312685,,2.28668096935493
1.0934216851622351,,1.9609461957338317
2.1293675957229854,,3.246720103107109
0.7558748556724915,,1.9469432706978251
0.9493900066449128,,2.0927206446841
1.3324384599156054,,2.4466924663715277
1.6138418218760693,,2.8015409061903185
1.5276299008713388,,2.624797578960761
1.3996737214810382,,2.118595365223762
0.8325089127062363,,2.4367985102318035
1.3384564936046048,,1.9876662649262744
0.9344984512435676,,2.281941933440825
1.1430148002540952,,2.079904467666721
1.888179493918325,,2.7407573233077707
1.3010299956639813,,2.930999941956152
1.5888317255942073,,2.753353212641496
1.1205739312058498,,2.0755469613925306
1.0718820073061257,,1.791690649020118
1.4668676203541096,,2.401745082237063
1.8536982117761744,,2.446226401778163
1.954724790979063,,2.60809794632528
2.1983821300082944,,2.921842481405858
1.6190933306267428,,2.6196150057428063
1.1172712956557642,,2.0433622780211294
1.7168377232995244,,2.7723950610820003
1.6901960800285136,,2.6437486854595256
1.1760912590556811,,2.2177470732627937
2.2681097298084785,,3.2852196432020606
1.4785664955938431,,2.028977705208778
1.484299839346786,,2.481729196960016
1.6937269489236468,,2.8656368876996288
1.376576957056512,,2.202215775801132
1.5289167002776547,,2.979912410334717
1.5550944485783191,,2.592620821321982
0.919078092376074,,2.0538464268522527
1.3180633349627615,,2.219060332448861
0.8633228601204559,,2.091315159697223
1.5943925503754266,,2.30941722577814
1.7067177823367587,,2.574494268285328
1.1271047983648077,,2.942504106168081
1.5185139398778875,,2.4459154139511234
1.2329961103921538,,2.4435758797502576
1.1903316981702914,,2.358505911490236
1.6263403673750425,,2.4299136977637548
1.1072099696478683,,2.2538224387080734
1.423245873936808,,2.711469781874328
1.1522883443830565,,1.9036325160842376
1.4683473304121573,,2.615950051656401
1.8155777483242672,,2.401400540781544
2.378216149749878,,2.6841269256130755
1.3117538610557542,,2.239049093140192
2.118595365223762,,2.71566914240099
1.7075701760979365,,3.193708832395355
0.8808135922807914,,3.298088569391381
1.5024271199844328,,2.2579184503140586
1.3636119798921444,,2.0354297381845483
2.0588054866759067,,3.3025473724874854
0.6627578316815741,,1.865103974641128
1.3654879848908996,,2.088136088700552
1.3242824552976926,,2.821316970591097
1.8481891169913989,,3.1351326513767748
1.5899496013257075,,2.7676752240279603
1.640481436970422,,2.7622282842864743
0.7403626894942439,,1.5237464668115646
1.403120521175818,,2.702430536445525
1.6464037262230695,,2.957128197676813
1.2068258760318498,,2.409425868671444
1.136720567156407,,2.3010299956639813
1.6344772701607315,,2.710625015060797
1.850033257689769,,2.9018395920512297
1.678518379040114,,2.688775655272845
0.414973347970818,,2.04883008652835
0.5797835966168101,,2.1280760126687155
0.9542425094393248,,2.1408221801093106
1.100370545117563,,2.0884904701823963
0.8325089127062363,,2.533772058384718
1.4456042032735976,,2.517327882294373
1.146128035678238,,2.728597243383432
0.6989700043360189,,1.6972293427597176
1.0530784434834195,,1.6354837468149122
1.867467487859052,,2.6793370305207937
1.260071387985075,,2.449324093098727
1.0755469613925308,,1.8407332346118068
0.8864907251724818,,2.599883072073688
1.6766936096248666,,2.2860071220794747
1.0293837776852095,,2.485437481076301
0.7708520116421442,,2.2523675144598987
0.9822712330395684,,1.7767011839884108
1.3783979009481375,,1.9763499790032732
1.354108439147401,,1.8312296938670636
0.9867717342662448,,1.8375884382355112
1.1072099696478683,,2.386855529184724
0.6720978579357175,,1.5224442335063195
1.2068258760318498,,1.958085848521085
1.3096301674258988,,1.765668554759014
1.5943925503754266,,1.8369567370595503
1.7626785637274365,,2.0572856444182146
1.5831987739686226,,2.6338722626583326
1.5314789170422551,,2.1109262422664203
1.423245873936808,,2.734399742520567
1.1139433523068367,,1.8518696007297664
2.024895960107485,,2.7091002815511667
1.2253092817258628,,2.2619761913978125
1.2988530764097066,,2.2357808703275603
1.6180480967120927,,2.5907304057926903
1.6739419986340878,,2.524396122103842
1.0453229787866574,,2.079543007402906
1.2741578492636798,,2.4649364291217326
0.6720978579357175,,2.0051805125037805
1.2671717284030135,,1.730782275666389
1.3424226808222062,,2.351022852584124
1.4393326938302626,,2.156851901070011
1.765668554759014,,2.7032913781186614
0.724275869600789,,1.9138138523837167
1.255272505103306,,2.596047007545439
1.0170333392987805,,2.392169149489736
0.8388490907372553,,1.9095560292411755
1.9095560292411755,,2.588607804742687
1.7363965022766426,,2.416141031168329
0.8920946026904804,,1.9169800473203824
1.998695158311656,,2.413299764081252
1.436162647040756,,2.7322328802204976
0.7481880270062004,,1.9813655090785445
1.0,,2.4899584794248346
1.4927603890268375,,2.243781916093795
1.59659709562646,,2.3364597338485296
1.424881636631067,,2.0692980121155293
1.6232492903979006,,2.300595483889964
1.1238516409670858,,2.153814864344529
1.481442628502305,,2.8035936647713444
1.904715545278681,,2.868291688017856
1.9537596917332287,,2.811373897053893
1.5118833609788744,,1.975431808509263
1.6665179805548809,,2.6184664921990803
1.656098202012832,,2.010299956639812
2.1075491297446862,,2.62096843564429
1.611723308007342,,2.1664301138432824
1.7442929831226763,,2.286231854028553
1.656098202012832,,2.3554515201265174
1.292256071356476,,2.113943352306837
2.3805730030668872,,2.564784384503987
1.606381365110605,,2.7204900684500517
1.6283889300503116,,2.311117842662506
1.6972293427597176,,2.415307292225568
1.5622928644564746,,2.5666731376061165
1.0,,2.0515383905153275
1.0086001717619175,,2.0008677215312267
1.24551266781415,,1.829946695941636
0.8325089127062363,,2.118595365223762
1.5921767573958667,,2.218010042984363
1.7759743311293692,,2.4542348957482654
1.1139433523068367,,1.7895807121644254
1.290034611362518,,1.8048206787211625
1.0681858617461617,,1.9003671286564705
1.6919651027673603,,2.761927838420529
1.2380461031287957,,2.3386556655787003
1.3926969532596658,,2.14921911265538
1.3424226808222062,,2.2335037603411343
1.983175072037813,,2.374565060722765
2.0153597554092144,,2.5090680450171616
2.212986184736668,,2.8453461374114086
1.6830470382388496,,2.2935835134961167
1.4313637641589874,,2.2612628687924934
1.110589710299249,,1.981818607170664
1.510545010206612,,2.170848203643309
1.6242820958356683,,2.234264124378789
1.9604707775342989,,2.4955443375464483
1.787460474518415,,2.6416723732246865
1.8573324964312683,,2.543074235033532
1.9978230807457256,,2.570776368794748
0.6989700043360189,,2.2723058444020863
1.3579348470004535,,2.547897717563097
0.8920946026904804,,2.378579576115775
1.0755469613925308,,2.456366033129043
1.6875289612146342,,2.636588183729842
1.3926969532596658,,1.810232517995084
1.6483600109809315,,2.126780577012009
1.1818435879447726,,2.4787107555127594
0.8976270912904415,,1.993436230497612
1.4969296480732148,,2.3378584290410944
1.2405492482825995,,1.9523080096621253
1.510545010206612,,2.5499836111596887
1.1335389083702174,,1.64738297011462
0.9637878273455552,,1.823474229170301
0.9138138523837168,,1.9694159123539812
0.6989700043360189,,1.7193312869837267
1.354108439147401,,2.0166155475571776
1.1038037209559568,,1.787460474518415
1.0606978403536116,,2.0831441431430524
0.8864907251724818,,1.7535830588929069
0.9684829485539352,,1.8825245379548805
1.2405492482825995,,2.390581878550435
1.3096301674258988,,1.9938769149412112
1.230448921378274,,1.8987251815894932
1.2624510897304295,,2.017867718963505
1.100370545117563,,1.9614210940664485
1.0606978403536116,,1.6972293427597176
0.7481880270062004,,1.701567985055927
2.0056094453602804,,2.5814945422908995
0.6812412373755872,,1.866287339084195
1.591064607026499,,2.144262773761991
1.3579348470004535,,1.967079734144497
1.0413926851582251,,1.7535830588929069
1.1789769472931697,,1.734799829588847
0.8920946026904804,,2.6760531246518715
0.8195439355418687,,2.139249217571607
1.48572142648158,,1.967547976218862
0.8195439355418687,,1.5587085705331658
0.8325089127062363,,1.4756711883244296
0.8512583487190752,,2.0461047872460387
2.0726174765452368,,2.7011360660925265
2.076276255404218,,2.416640507338281
2.018700498666244,,2.346744054604849
1.546542663478131,,2.567966906823154
0.9590413923210936,,2.525692524505011
2.3157604906657347,,2.736316807904109
1.4969296480732148,,2.5685537120494426
1.320146286111054,,2.8410464654093035
1.0492180226701815,,2.526985068559996
1.0086001717619175,,2.2427898094786767
1.1271047983648077,,2.2830749747354715
1.230448921378274,,2.589726256254237
1.3463529744506386,,2.5692568333286103
1.857935264719429,,2.5800121125294244
1.790988475088816,,2.6184664921990803
2.247236549506764,,2.4379090355394983
2.196452541703389,,2.615739688619155
0.7160033436347992,,1.7759743311293692
1.2833012287035497,,2.04493154614916
1.1931245983544616,,2.0588054866759067
0.6989700043360189,,1.760422483423212
0.9731278535996988,,2.1758016328482794
0.7323937598229685,,1.7664128471123994
1.6444385894678386,,2.348694190265541
2.1489109931093564,,2.7026028413404277
2.2286569581089357,,2.852662944344569
2.143014800254095,,2.281714970027296
1.677606952720493,,2.509740015570382
1.3926969532596658,,2.7706311277778064
1.212187604403958,,2.5982431916536224
0.8750612633917001,,2.037824750588342
1.0863598306747482,,1.7512791039833422
1.6180480967120927,,2.27669152884504
1.3324384599156054,,2.518118947143153
2.041787318971752,,2.86993541064686
1.6608654780038692,,2.577261953585815
1.724275869600789,,2.673573796423052
1.5211380837040362,,2.51067903103221
1.3364597338485296,,2.608953699275862
1.8987251815894932,,2.1290450598879582
1.4756711883244296,,2.409595019396816
1.73559889969818,,2.541953474458236
1.91803033678488,,2.681060243631812
1.7092699609758308,,2.6398847419163043
1.5843312243675307,,2.406199423663313
1.3891660843645324,,2.2780673308886628
2.045714058940868,,2.520614521878236
1.9095560292411755,,2.678518379040114
2.2830749747354715,,2.52543355342882
1.3483048630481609,,2.390581878550435
1.255272505103306,,2.4762517960070336
2.215108581053093,,2.540079088804173
2.021602716028242,,2.4080702858871854
1.8987251815894932,,2.180125875164054
1.6580113966571124,,2.3469394626989906
1.740362689494244,,2.281260687055013
1.6946051989335686,,2.517855418930029
1.2041199826559248,,2.452859335795852
1.260071387985075,,2.2137832993353044
1.1398790864012365,,2.3991543339582164
1.7678976160180906,,2.410608542568368
0.9395192526186184,,2.589502796263764
2.284656282788516,,2.6602012013806817
1.2576785748691846,,2.3356584522893016
1.9138138523837167,,2.5605044151950564
1.7671558660821804,,2.877544107715944
0.7481880270062004,,2.7945577512547617
1.6608654780038692,,2.388278863459639
1.7339992865383869,,2.321598430465344
1.6637009253896482,,2.411788004543869
1.3926969532596658,,2.3634239329171765
1.1846914308175989,,1.9400181550076632
1.3729120029701063,,2.161667412437736
1.4065401804339552,,2.4734869700645685
1.7283537820212285,,2.1649473726218416
1.1702617153949575,,2.65571454961871
1.1613680022349748,,1.6665179805548809
1.0969100130080565,,1.9694159123539812
1.0128372247051722,,1.9405164849325676
1.2278867046136734,,2.3928727454020797
1.1702617153949575,,2.0081741840064264
1.1760912590556811,,1.9523080096621253
0.7075701760979364,,1.887054378050957
0.7160033436347992,,2.0398105541483504
1.255272505103306,,2.2380461031287955
1.429752280002408,,2.2619761913978125
0.7708520116421442,,2.207365037469072
0.8750612633917001,,1.7937903846908188
0.8976270912904415,,2.4255342204982635
1.0086001717619175,,2.847325830785424
0.8808135922807914,,2.2211533219547053
1.1038037209559568,,2.51241754860084
1.276461804173244,,2.104487111312395
0.9822712330395684,,2.2750808984568587
0.8808135922807914,,1.9068735347220704
1.2227164711475833,,2.1172712956557644
1.3502480183341627,,2.3807537708039
0.8195439355418687,,1.846955325019824
0.7323937598229685,,1.7466341989375789
0.8061799739838872,,1.7109631189952756
1.2695129442179165,,1.8621313793130367
1.136720567156407,,1.8155777483242672
0.7781512503836436,,1.2329961103921538
1.2253092817258628,,2.552303109338354
1.5658478186735176,,2.109240968588203
1.739572344450092,,2.682506085939011
1.2278867046136734,,2.2052043639481447
1.809559714635268,,2.373279893277496
1.4099331233312946,,2.666892211066536
1.4756711883244296,,2.583991799198317
1.3011819721383155,,1.6180376316587324
1.290902332893745,,3.052124254153193
1.628092486782274,,3.3354568976986605
1.3626520879077546,,1.660917628140124
1.2017247701163791,,2.754099768628937
1.1250907130826342,,3.068402954718392
1.2174049744015416,,1.696535487349919
1.17539583139403,,2.234205876898061
1.285669805960068,,1.5927317663939622
2.3282572497312364,,2.7717087136871315
2.2174049744015414,,3.360629382412053
2.530583859645118,,3.3879163560763863
1.6134929782119858,,1.8959278238144512
1.4695864025277057,,2.025701057268368
2.308735110028761,,2.706675118700799
2.589323945450198,,3.6097651056927424
1.682027683622231,,2.591862307681333
2.0463663786835755,,2.428422337886388
2.444762818802673,,2.671913012441587
1.6184142148012557,,2.713305697599812
1.5623404557646043,,2.7388598020722004
2.0554050916541664,,3.213908048168997
1.7347038423010426,,2.812839854434017
1.8492228003672933,,2.460788128217004
1.7365717784361618,,3.1229314645970443
1.3756818996593745,,2.422035539224987
1.6304787262026363,,2.489808769603383
1.970732641060153,,2.735746566648057
1.6975954608488806,,3.041438086299042
1.3604419331026378,,2.498527646761831
1.542402125822417,,2.330719092727393
1.5290837045027097,,2.014335693263793
1.778303226857978,,2.237170355861801
1.6883219167199193,,2.5718246670322884
1.1095785469043866,,2.3766353456666973
1.5524857010929476,,2.009372273732243
1.288293949786217,,2.1112457062718497
2.2882939497862167,,2.9311882599985672
2.9182191194359306,,3.3561597599568995
1.288293949786217,,2.465470593866631
1.0975696394313712,,2.0882761039404105
1.2355031964943377,,2.63805474518062
1.2413721301584355,,2.257373741950088
1.5075185555764243,,2.630158264334586
1.0893751608160998,,2.275778804632812
1.185457157401926,,1.8022467809365927
1.1056123596867853,,1.972943008105568
1.1095785469043866,,1.980121592732692
1.5840597054578407,,2.062553782372125
1.3258644366153465,,2.453069772964956
1.3353575901491754,,2.5852852842260976
1.3161591281079683,,2.175930540362585
1.753031223390574,,2.531751542842629
1.5787308719527735,,2.510237275946509
2.298634783124436,,1.8154482375415453
1.1650958747542182,,2.703321476693211
2.69246795758183,,3.3291282686706047
0.6581354630718694,,1.0288944134347182
1.1250907130826342,,1.985428719653628
1.13264385097308,,1.925170226309568
1.285669805960068,,2.626155521880912
1.9212753915980272,,2.251696609058397
0.5453071164658241,,1.1947917577219247
1.816373888752362,,1.464304701939841
2.258517559916453,,1.706675118700799
0.3692158574101428,,1.4378298064082191
1.2442771208018428,,2.1112457062718497
1.1095785469043866,,0.5927317663939622
1.2613104601006233,,2.213908048168997
2.093491727010932,,2.565859619993661
0.6820276836222309,,0.9107951013567238
2.290902332893745,,2.8504103412631467
0.0681858617461616,,1.671913012441587
0.9712758487381052,,1.7388598020722
1.2143138974243997,,1.796851749049887
0.670245853074124,,1.671913012441587
0.9712758487381052,,1.3708830167776058
1.0545096387969268,,2.6682787277864928
1.390405156480081,,2.317007635994752
1.2723058444020865,,1.4958217533859055
1.0224283711854865,,1.3708830167776058
0.9132839017604184,,2.0077051143647804
0.7671558660821804,,1.8714853673467915
1.3469394626989906,,2.3486066220664537
1.9132839017604184,,2.4677930297856623
1.6592504687726608,,2.479222491566444
2.4429342077562657,,2.967480112404066
2.101609617233111,,2.716583407361048
3.1920375027132475,,2.4500642628252307
1.2986347831244356,,2.1112457062718497
1.894260664446988,,2.2739730037695494
2.7671558660821804,,2.136799810744238
2.101609617233111,,2.2459442801693057
2.540942311063374,,2.084093460228235
2.031973689091717,,2.6861534515561973
1.9872639541222357,,2.4315808571312174
2.323458366849468,,2.696535487349919
1.9712758487381048,,2.972943008105568
1.8316138553090988,,2.828260213301512
2.3582204731086795,,3.1380388828597865
1.9976047874604543,,2.517011052455844
1.7116385382323491,,2.2554895980755365
1.4831592097169797,,2.546974275833287
2.4764258270580117,,3.237170355861801
2.185457157401926,,3.1405064717817845
1.1095785469043866,,2.3780616014047293
1.775756037844098,,2.511809858770036
0.5453071164658241,,0.8937617620579434
1.9976047874604543,,3.0367765623120384
2.2049064289025684,,2.967480112404066
1.5866998016240492,,2.0551297642929183
2.355987591676388,,2.68263687783336
1.5305838596451178,,2.579503500660207
1.4831592097169797,,2.3003019424918985
1.9819997141298784,,3.0812824828944065
2.1685564068637246,,3.357654751043851
1.9546765869186435,,2.948757623587085
1.7924617313469506,,2.456054626514418
2.45020290432103,,3.004351472357192
0.3692158574101428,,1.8714853673467915
0.3692158574101428,,1.634124451552187
1.7116385382323491,,2.325125526216931
1.8877297972880305,,2.592731766393962
1.824060717418653,,2.703321476693211
1.784189205380961,,2.760049101142138
2.0224283711854865,,3.092418849012366
1.7116385382323491,,2.80491937079792
3.2777008762887925,,3.7570846221783993
2.645677661583387,,3.287336965327531
1.8877297972880305,,2.546974275833287
1.0681858617461617,,1.4378298064082191
1.3469394626989906,,2.551773158715056
2.128883702099773,,2.501216785272612
2.6756408849608304,,2.7388598020722004
2.296072566359835,,2.999271946827917
2.252877292563761,,2.2361844428801496
2.105612359686785,,2.3989117403778493
1.8743658357300488,,2.0077051143647804
2.8709595870381373,,3.027300670428161
1.3234583668494675,,2.4315808571312174
1.1095785469043866,,0.5927317663939622
2.0681858617461617,,2.1837963734204613
0.670245853074124,,1.0698530211136246
1.4831592097169797,,1.1947917577219247
2.9409246892188303,,2.887197992555555
1.894260664446988,,2.26482962432968
2.726197258403274,,3.538200351525782
2.9019702364026405,,1.954459602411555
2.0077051143647804,,3.1621056760090083
2.298634783124436,,3.453668387094056
1.7494270991217489,,2.696535487349919
1.1473671077937864,,1.291701770729981
1.3234583668494675,,1.5469742758332872
3.018550716122285,,2.325125526216931
2.3037143086537104,,3.15857958506748
2.448397103457768,,2.1837963734204613
2.4678595832272,,3.1837963734204613
2.5043485087869177,,2.898083135840586
2.128883702099773,,2.5750029994335306
1.1095785469043866,,2.370883016777606
1.636387585813157,,2.2554895980755365
2.05045709478573,,2.8102157106078685
1.499549625905149,,3.4201010394477875
1.2442771208018428,,2.226200221973549
1.1095785469043866,,1.671913012441587
1.8810992183890167,,2.958219751284862
1.7309436934277358,,2.2159810567918625
0.7671558660821804,,2.2159810567918625
1.390405156480081,,1.5469742758332872
2.6072619605389384,,2.946840205541363
2.960280464436642,,3.5754551540625075
2.1920375027132475,,2.325125526216931
2.101609617233111,,2.6458102098773817
3.0389974726186795,,3.0854921554208
2.780835563373373,,3.443378001577029
2.479805567709392,,3.479222491566444
2.031973689091717,,2.63805474518062
1.499549625905149,,1.5927317663939622
2.679909169753504,,3.833281014676562
1.775756037844098,,2.8691935705672065
2.4429342077562657,,2.2361844428801496
2.1473671077937864,,2.532251019012581
0.5453071164658241,,1.0698530211136246
1.3692158574101427,,1.634124451552187
2.944403702337804,,2.9331758812340807
2.390405156480081,,2.8231806877722363
2.2049064289025684,,2.710003062049726
1.691435152144062,,2.069853021113625
2.519972297270452,,2.946840205541363
1.894260664446988,,2.1947917577219247
2.311223910432456,,2.1112457062718497
2.15454569242091,,3.279368035656256
1.9976047874604543,,2.2459442801693057
2.5350534821002717,,3.512855092684686
1.9712758487381048,,3.1915222731570774
1.7402837196818792,,2.703321476693211
1.2723058444020865,,2.226200221973549
2.9169905627979653,,3.002664889725257
1.965812953036603,,2.902361933819861
1.2143138974243997,,2.2739730037695494
0.3692158574101428,,0.5927317663939622
1.824060717418653,,2.308735110028761
1.2986347831244356,,2.501216785272612
2.635212227905222,,3.1621056760090083
2.0413137153458605,,2.479222491566444
2.1250907130826344,,3.338586961567691
2.101609617233111,,2.522150692108255
1.9546765869186435,,2.2554895980755365
2.1326438509730803,,2.3780616014047293
2.2174049744015414,,2.7830634645642536
1.390405156480081,,2.333094455888206
1.824060717418653,,2.90870211185088
2.093491727010932,,2.4252406791001984
2.185457157401926,,2.876032995097512
2.0026843129897296,,2.6458102098773817
2.758381941774675,,3.2361844428801496
2.8005796215691303,,3.541144732172563
1.624488362513449,,2.084093460228235
1.5305838596451178,,2.961947623804105
1.9766708806248117,,2.9128780525050164
1.9132839017604184,,2.754099768628937
1.2143138974243997,,1.671913012441587
1.2986347831244356,,1.634124451552187
2.1437328231386923,,2.26482962432968
1.784189205380961,,1.8937617620579437
2.0681858617461617,,2.840705032755769
2.1920375027132475,,2.26482962432968
2.0638210563437114,,2.385123455892216
1.9976047874604543,,2.891584842803669
2.220474206129218,,2.3635837780361064
1.5595475555804343,,2.495821753385906
0.7671558660821804,,1.1947917577219247
2.444762818802673,,2.2159810567918625
1.7402837196818792,,1.796851749049887
1.0681858617461617,,2.160933490460957
1.9976047874604543,,2.537214438544131
1.816373888752362,,2.735746566648057
2.223521899211224,,2.7450201107770185
1.965812953036603,,2.537214438544131
1.965812953036603,,2.333094455888206
1.636387585813157,,2.7326108527951987
2.0638210563437114,,2.2055156231136976
1.8743658357300488,,3.818041048119825
1.5595475555804343,,2.8231806877722363
1.9374175814771375,,2.9311882599985672
2.78335321959462,,3.1926148384676503
2.6292872453952176,,3.155024630850437
1.9872639541222357,,2.479222491566444
1.4299136977637543,,2.4677930297856623
0.8463371121298052,,1.1947917577219247
0.9132839017604184,,0.8937617620579434
0.9712758487381052,,0.8937617620579434
0.5453071164658241,,1.823180687772236
1.8463371121298051,,3.099236798798834
1.7671558660821804,,3.124210683436217
0.8463371121298052,,1.5927317663939622
0.0681858617461616,,1.954459602411555
3.0975696394313714,,3.969308723450474
0.8463371121298052,,0.5927317663939622
1.0224283711854865,,0.8937617620579434
2.856354232887329,,3.925170226309568
2.944403702337804,,3.876032995097512
3.208064948147398,,3.838244434208112
1.474726042180117,,2.392072315847544
2.4026396128970924,,3.1793190710657173
2.873686719904562,,3.4116171809879723
2.452001227726593,,3.347080102104981
2.733766852764115,,3.422035539224987
2.316159128107968,,3.2097321075148613
2.907034952483417,,3.5022877956351377
1.1016096172331111,,2.7570846221784
1.0767860335080792,,2.969308723450474
2.1135088405328197,,3.440920883385361
1.4447628188026735,,3.0240955305529496
2.0041966574613714,,2.523680797561485
2.003189013199816,,2.530249658411309
1.9630555184914145,,3.5262190542426675
1.6547731664179166,,2.660917628140124
1.985165909066544,,3.2675929071317737
2.0580804254649347,,2.887197992555555
2.17539583139403,,3.292569492261208
1.7175207204583036,,2.63805474518062
2.4066423553507663,,3.4864935284519056
1.1952906601109694,,2.641949789064144
2.65024922465787,,3.5352358725620427
1.9729014070248423,,2.7968517490498868
1.606004956819436,,2.703321476693211
1.9291224824462552,,2.9351544472161684
2.920665855383018,,3.187124316769389
2.63403368041968,,3.716583407361048
2.965262864955582,,3.5406553862256884
2.5059364245665496,,3.492004953711566
2.7654152045058797,,3.60133193815588
2.0810230864513337,,3.3584003211529763
2.694526229121204,,3.760049101142138
2.5043485087869177,,3.818041048119825
1.404645595594691,,3.0506136631279546
1.3282572497312364,,3.03048232921435
1.523030721754672,,3.196957819478432
1.185457157401926,,2.7570846221784
2.9455572076159355,,3.889396956655493
2.9449808379468623,,3.3186433986890105
2.5011551526205675,,3.437208942139644
2.4026396128970924,,3.542609470430837
1.884427161737945,,3.716583407361048
1.512230657664238,,3.287336965327531
1.603479981788932,,3.2820406255175825
1.2295538639811363,,3.068402954718392
1.1363717234923232,,2.356907898784293
2.5153438930883807,,3.4695267425946628
2.0170876227163754,,3.3584003211529763
2.28037346615012,,3.649636617730435
2.053162988161655,,3.5352358725620427
1.726197258403274,,2.175930540362585
1.8936119795139847,,2.28821344288416
1.9841130734432773,,2.2312210233486
1.976134383358434,,1.7913888533483848
1.5945251391360056,,2.221120696444274
1.4555756880848911,,2.435341006004524
1.3423437110098415,,2.3291282686706047
1.7056755912586723,,1.876032995097512
1.7494270991217489,,2.097881744713868
1.8499412363986305,,1.6861534515561971
1.0975696394313712,,1.7802524872304253
2.5651155098193765,,2.960087687419981
1.3258644366153465,,1.0640234774529007
1.7512328999850113,,2.1203616672653007
1.404645595594691,,1.8282602133015111
1.1580909731855595,,1.3275315959828091
0.9449808379468624,,1.7326108527951989
3.0673164030335327,,3.3120630533776887
1.4299136977637543,,0.8937617620579434
2.0893751608160995,,2.097881744713868
1.6592504687726608,,1.9149510611278813
0.9712758487381052,,0.9747488089688306
1.3234583668494675,,0.3299244090986995
2.983585696958432,,3.580844606662314
3.0893751608160995,,3.493644834131631
1.1821292140529984,,1.972943008105568
2.838301156533263,,3.312891069799919
2.5581443411709963,,3.187124316769389
3.105612359686785,,3.350886388361352
2.101609617233111,,2.713305697599812
2.5746908941510336,,2.961947623804105
2.526067758480154,,2.641949789064144
2.801383126852731,,3.524697881122135
2.588013855521881,,2.866889615657642
2.753031223390574,,3.4315808571312174
3.00770511436478,,3.320273023422519
2.580069222725036,,3.3982326245523624
1.6809697184658972,,1.5927317663939622
1.784189205380961,,2.6139210654639005
1.6122539060964374,,2.0398897977361816
2.516892181651241,,3.00770511436478
1.2986347831244356,,2.405645123036818
2.1250907130826344,,3.4752563043488425
1.701654317325748,,3.2811515883966726
0.9712758487381052,,2.0551297642929183
1.2723058444020865,,2.3989117403778493
1.5305838596451178,,2.6180376316587326
2.28037346615012,,2.917014221691655
1.410608542568368,,2.160933490460957
2.4299136977637548,,3.4201010394477875
0.5453071164658241,,1.706675118700799
1.7924617313469506,,2.9975654830139
1.9976047874604543,,2.495821753385906
1.7494270991217489,,2.60133193815588
2.2613104601006238,,2.95256724873385
2.676711895323356,,3.324320531580701
2.223521899211224,,3.006031530475214
